200,10,3,,0.682,71648,,17.978,1351524
200,10,3,,2.727,62664,,13.674,727296
200,10,3,,3.383,104156,,22.650,1048672
200,10,3,,2.158,62884,,24.562,1166948
200,10,3,,2.126,72160,,24.835,1145772
200,10,3,,0.991,239752,,21.351,1002640
200,10,3,,5.078,110852,,14.045,1376440
200,10,3,,1.874,68632,,24.166,1594120
200,10,3,,2.008,70352,,173.432,3861300
200,10,3,,1.304,109888,,26.941,1673660
200,10,3,,0.887,110220,,25.159,1612748
200,10,3,,0.987,204748,,19.044,1110440
200,10,3,,8.577,89800,,94.216,2331948
200,10,3,,1.188,44504,,22.313,859652
200,10,3,,1.183,75304,error: OutOfMemory,33.529,6249088
200,10,3,,1.812,113392,,29.491,862824
200,10,3,,1.059,230968,,19.449,1063720
200,10,3,,1.700,110416,,68.685,1641544
200,10,3,,8.710,113120,,26.288,1003740
200,10,3,,0.848,241236,,17.893,1390872
200,10,3,,2.251,43160,,10.067,707132
200,10,3,,12.297,127432,,27.179,878744
200,10,3,,1.244,70160,,33.568,1463092
200,10,3,,2.251,111760,,28.455,1706452
200,10,3,,0.351,38932,,18.178,1840128
200,10,3,,1.232,39540,,34.053,1607352
200,10,3,,0.553,30996,,27.978,1560264
200,10,3,,7.746,112284,,83.744,2472636
200,10,3,,11.122,70912,,39.362,1639232
200,10,3,,3.156,111196,,84.218,2733512
200,10,3,,1.105,113272,,23.267,1508284
200,10,3,,0.980,234040,,25.895,1483780
200,10,3,,2.597,43256,,81.791,1767108
200,10,3,,4.914,247196,,152.955,1338336
200,10,3,,0.367,42068,,17.684,1262988
200,10,3,,0.902,109700,,24.559,2363944
200,10,3,,1.128,31908,,22.415,933880
200,10,3,,2.892,49576,,47.747,1052212
200,10,3,,2.493,126876,,113.403,2474184
200,10,3,,2.065,55696,,31.122,2061704
200,10,3,,2.343,76428,,13.398,1374800
200,10,3,,0.680,38680,,22.353,2208216
200,10,3,,2.065,110000,,63.323,2135604
200,10,3,,2.219,64832,,157.205,1945388
200,10,3,,0.482,65684,,20.431,1186028
200,10,3,,0.871,69944,,17.970,627916
200,10,3,,2.196,228724,,147.420,3246728
200,10,3,,5.611,72148,,23.269,1014644
200,10,3,,1.306,238212,,4.640,524796
200,10,3,,3.463,57652,,77.605,1612588
200,10,3,,2.740,47196,,21.493,1400644
200,10,3,,0.806,69548,,26.892,1679488
200,10,3,,2.347,66540,,12.427,789424
200,10,3,,0.673,71672,,24.914,1469084
200,10,3,,0.871,42840,,34.099,1760988
200,10,3,,8.078,111976,,371.778,3053240
200,10,3,,0.994,237172,,19.855,1418820
200,10,3,,1.022,68896,,25.426,1402760
200,10,3,,0.662,40340,,35.188,1204072
200,10,3,,0.824,39500,,34.938,1657280
200,10,3,,9.570,55988,,103.478,2489168
200,10,3,,6.130,214236,,74.295,2566172
200,10,3,,2.131,43992,,11.587,781336
200,10,3,,2.872,64220,,71.241,2978012
200,10,3,,1.903,38500,,9.112,713692
200,10,3,,4.421,112664,,23.382,1450772
200,10,3,,1.854,249712,,62.089,2336636
200,10,3,,4.678,76224,,4.205,424216
200,10,3,,5.977,231928,,51.589,1853280
200,10,3,,2.333,108328,,82.635,1920400
200,10,3,,12.361,76852,,192.373,1632452
200,10,3,,2.105,69196,,106.119,2788208
200,10,3,,2.600,61736,,55.478,2237160
200,10,3,,11.980,58652,,66.461,1556192
200,10,3,,1.957,37536,,15.500,1011200
200,10,3,,1.970,110940,,209.979,3238876
200,10,3,,2.091,223172,,68.259,1659052
200,10,3,,8.371,67884,,34.515,1258756
200,10,3,,0.985,131816,,18.833,1335592
200,10,3,,0.675,214624,,12.585,1112472
200,10,3,,0.484,112884,,9.266,920092
200,10,3,,0.665,108340,,16.146,713712
200,10,3,,1.961,75668,,10.080,555136
200,10,3,,0.729,68812,,29.656,1217652
200,10,3,,0.871,227696,,17.888,1756896
200,10,3,,3.250,70852,,21.431,1324372
200,10,3,,0.754,111024,,19.065,1577148
200,10,3,,1.102,112908,,42.991,1501004
200,10,3,,1.444,109712,,54.242,1949820
200,10,3,,3.185,112772,,28.990,1527520
200,10,3,,0.637,70512,,10.447,850480
200,10,3,,0.960,111492,,44.159,1907956
200,10,3,,0.802,41108,,14.582,974728
200,10,3,,7.816,69324,,25.224,1451224
200,10,3,,1.522,69116,,18.132,1055804
200,10,3,,1.536,111608,,16.563,909480
200,10,3,,1.607,114484,,38.668,1020728
200,10,3,,1.180,108508,,32.725,1396432
200,10,3,,1.516,112096,,105.425,2118428
200,10,3,,6.189,109524,,69.077,2603356
200,10,5,,9.029,209008,,97.681,2953364
200,10,5,,15.455,186932,,50.007,2753392
200,10,5,,4.961,254564,,48.273,2064860
200,10,5,,5.275,112388,,126.736,3348860
200,10,5,,1.263,233888,,16.737,767108
200,10,5,error: OutOfMemory,26.298,5486364,TIMEOUT of 1200s,1200.099190711975,3667504
200,10,5,,9.287,248740,error: OutOfMemory,206.432,5085816
200,10,5,,3.007,113320,,20.695,1076552
200,10,5,,8.110,241684,,107.132,4016016
200,10,5,,2.680,399920,,67.997,2641328
200,10,5,,3.863,136336,,237.753,4242708
200,10,5,,6.437,224832,,35.461,1858640
200,10,5,,6.606,208004,,134.166,3987604
200,10,5,,6.492,206204,,207.535,3720124
200,10,5,,7.288,177636,,47.372,2178956
200,10,5,,134.315,136248,,42.354,769228
200,10,5,,1.255,238696,,28.543,1570100
200,10,5,,3.830,218536,,86.595,2451740
200,10,5,,10.866,230872,TIMEOUT of 1200s,1200.0946247577667,3174376
200,10,5,,2.617,494984,,41.520,2639228
200,10,5,,1.738,239784,,60.865,2955068
200,10,5,,4.259,237540,TIMEOUT of 1200s,1200.0486636161804,1965948
200,10,5,,11.826,477476,,150.875,2376548
200,10,5,,2.823,403020,TIMEOUT of 1200s,1200.0934450626373,4444600
200,10,5,,5.094,472672,error: OutOfMemory,20.089,5967724
200,10,5,,5.048,76416,error: OutOfMemory,26.645,6241304
200,10,5,,2.410,494692,,67.286,2918636
200,10,5,,8.774,251924,,203.383,4162336
200,10,5,,5.717,202336,,39.668,1241572
200,10,5,,1.745,231484,,49.979,2028568
200,10,5,,4.100,231620,,50.820,1904240
200,10,5,,3.318,224192,,35.889,1585920
200,10,5,,2.709,115792,,64.836,2649680
200,10,5,,3.352,118548,,43.799,1566956
200,10,5,,3.280,77792,,73.298,2333444
200,10,5,,3.297,224272,error: OutOfMemory,27.222,7665508
200,10,5,,2.873,425628,,44.169,2094336
200,10,5,,3.897,239128,,96.856,4354872
200,10,5,,0.799,116784,,4.752,476172
200,10,5,,3.806,492780,,69.148,2301748
200,10,5,,2.674,233896,,22.561,1153620
200,10,5,,11.879,435260,,160.839,5000048
200,10,5,,3.840,460888,,68.631,2363804
200,10,5,,5.386,247604,TIMEOUT of 1200s,1200.1012525558472,3115436
200,10,5,,5.009,491228,,116.439,2672868
200,10,5,,7.132,135184,,413.456,2258924
200,10,5,,7.410,213652,,243.546,4986032
200,10,5,,14.733,222320,error: OutOfMemory,222.347,7370948
200,10,5,,3.969,242184,,42.017,2177948
200,10,5,,5.592,255212,,105.811,3241420
200,10,5,,5.750,492708,,58.230,2919544
200,10,5,,12.977,406664,error: OutOfMemory,38.321,5413572
200,10,5,error: OutOfMemory,22.687,7863912,error: OutOfMemory,22.395,6267436
200,10,5,,3.695,245296,,31.974,2121136
200,10,5,,2.704,249456,,50.690,1778364
200,10,5,,4.086,230964,,48.606,1577916
200,10,5,,2.496,217532,,19.830,1503008
200,10,5,,5.697,76004,,112.495,2913700
200,10,5,error: OutOfMemory,40.158,7403896,,85.567,2864772
200,10,5,,3.711,115140,,11.116,333660
200,10,5,,4.516,112856,,40.369,2151328
200,10,5,,3.938,240332,,51.020,2102788
200,10,5,,9.705,387448,,50.070,2169528
200,10,5,,1.063,115736,,26.099,1402196
200,10,5,,5.622,225584,,162.948,4745660
200,10,5,error: OutOfMemory,151.868,7478684,error: OutOfMemory,82.270,5987012
200,10,5,,1.733,239252,,36.617,1520508
200,10,5,,3.259,213952,,127.993,2474512
200,10,5,,7.266,263928,,40.526,2221448
200,10,5,,8.165,452216,,366.234,3378144
200,10,5,,3.221,135936,,31.831,1446256
200,10,5,,7.078,224588,,77.749,2190480
200,10,5,error: OutOfMemory,21.325,5929540,,73.150,2669324
200,10,5,,3.582,481364,,7.589,391508
200,10,5,,1.930,251568,,53.393,2124780
200,10,5,,2.894,206956,,114.435,2547636
200,10,5,,2.482,237328,,60.550,2199168
200,10,5,,1.406,199836,,51.789,2574148
200,10,5,,2.786,112936,,18.980,527684
200,10,5,,17.986,112204,TIMEOUT of 1200s,1200.0086228847504,5549692
200,10,5,,6.792,248248,TIMEOUT of 1200s,1200.0303955078125,2991124
200,10,5,,3.419,133312,error: OutOfMemory,38.080,6582672
200,10,5,,11.002,116388,,69.149,2102036
200,10,5,,8.277,222100,,136.922,4299600
200,10,5,,3.955,221044,,75.133,3074184
200,10,5,,3.653,247972,TIMEOUT of 1200s,1200.03302526474,2531036
200,10,5,,5.287,440308,,159.467,3647588
200,10,5,,2.425,116288,,48.355,1876600
200,10,5,,6.703,208020,,47.078,2166020
200,10,5,,2.858,452360,,57.014,2709996
200,10,5,,2.047,132620,,37.727,2185652
200,10,5,,4.575,482460,,42.266,1517200
200,10,5,,15.959,241536,,275.691,5437180
200,10,5,,3.822,255992,TIMEOUT of 1200s,1200.0378823280334,1909940
200,10,5,,3.768,422336,,95.016,3042468
200,15,3,,2.832,236748,,397.503,3422164
200,15,3,,1.880,109256,,84.907,3332408
200,15,3,,0.986,69092,,31.837,1721788
200,15,3,,0.492,110004,,24.613,2103496
200,15,3,,1.196,193980,,5.376,360396
200,15,3,,0.873,111268,,63.537,3245612
200,15,3,,5.649,112312,,32.319,2225052
200,15,3,,1.308,72104,,88.181,4185828
200,15,3,,1.337,247892,,43.863,2804996
200,15,3,,1.220,240416,,34.330,1951060
200,15,3,,1.418,211688,,54.683,2325448
200,15,3,,3.633,110932,,59.529,3058760
200,15,3,,0.814,112188,,32.290,2590764
200,15,3,,5.623,82184,,19.397,1729788
200,15,3,,0.861,228388,,33.457,2294416
200,15,3,,1.630,111672,,23.196,1363088
200,15,3,,4.324,112908,,132.344,3533508
200,15,3,,3.445,227560,,50.106,2374992
200,15,3,,0.974,72608,,32.573,1958496
200,15,3,,2.707,110956,,71.577,3018916
200,15,3,,6.023,111684,,58.743,3048100
200,15,3,,2.149,129256,,244.224,5294608
200,15,3,,4.946,129084,,87.705,3157676
200,15,3,,0.893,108560,,44.577,2859224
200,15,3,,3.769,109896,,120.090,2964820
200,15,3,,1.486,244284,,36.618,1957716
200,15,3,,3.599,97804,,62.093,2320196
200,15,3,,6.506,238164,,273.119,6270732
200,15,3,,1.077,67564,,55.466,2844356
200,15,3,,6.519,84728,,36.007,2431724
200,15,3,,1.038,110584,,34.800,1967152
200,15,3,,1.427,68024,error: OutOfMemory,53.947,6934564
200,15,3,,1.637,112868,,71.042,2688604
200,15,3,,1.148,69768,,37.803,1652524
200,15,3,,2.669,108664,,48.295,3026172
200,15,3,,1.050,230092,,60.359,3994096
200,15,3,,0.957,230168,,39.549,2190772
200,15,3,,3.381,246796,,149.923,2850428
200,15,3,,4.264,125556,,47.715,2923336
200,15,3,,1.281,41984,,71.352,3991244
200,15,3,,1.712,108756,,65.668,2599320
200,15,3,,1.154,112392,,19.349,1768180
200,15,3,,2.903,113416,,23.825,1846676
200,15,3,,6.853,61560,,83.560,2280152
200,15,3,,8.548,68688,,43.111,2248564
200,15,3,,1.795,222656,,55.202,2826332
200,15,3,,2.593,128984,,55.321,2465964
200,15,3,,5.030,66968,,48.536,3291864
200,15,3,,14.559,107168,,143.588,3495644
200,15,3,,1.073,226704,,34.478,1520164
200,15,3,,6.851,100716,,64.764,2763388
200,15,3,,1.781,253780,,56.640,2687244
200,15,3,,2.501,111780,,101.058,3101484
200,15,3,,0.806,72628,,50.826,2991188
200,15,3,,6.804,214164,,45.315,2767920
200,15,3,,3.380,108956,,170.091,3914212
200,15,3,,1.104,245220,,60.230,2392640
200,15,3,,9.268,187104,,75.051,4765052
200,15,3,,1.243,225684,,28.326,1713528
200,15,3,,3.067,68224,,0.902,57588
200,15,3,,3.151,70368,,61.908,2031196
200,15,3,,0.669,110476,,41.995,2691972
200,15,3,,178.859,230444,,151.353,4093036
200,15,3,,1.649,110672,TIMEOUT of 1200s,1200.0788645744324,3198232
200,15,3,,10.548,91204,,42.794,2915508
200,15,3,,9.136,118128,,112.636,6627260
200,15,3,,1.145,247884,,37.290,2248864
200,15,3,,3.841,196144,,170.361,3843096
200,15,3,,3.701,247452,,27.189,1152336
200,15,3,,7.131,129008,,60.294,2877704
200,15,3,,1.628,111520,,80.640,3773200
200,15,3,,3.272,224872,,18.358,1956704
200,15,3,,1.568,111864,,48.792,2110404
200,15,3,,1.031,127500,,89.601,3305948
200,15,3,,1.359,110696,,47.185,2449960
200,15,3,,1.275,128300,,56.034,2952924
200,15,3,,1.607,236520,,64.191,2910828
200,15,3,,1.121,71948,,37.816,2552996
200,15,3,,4.007,111296,,226.103,6557508
200,15,3,,12.580,108436,,164.284,3482744
200,15,3,,4.617,105160,,133.136,4921828
200,15,3,,2.067,225944,,56.296,2160756
200,15,3,,11.491,109520,,90.054,4032624
200,15,3,,3.778,57748,,87.873,2836720
200,15,3,,0.927,130300,,63.867,2314136
200,15,3,,2.523,130084,,137.594,3098160
200,15,3,,0.659,38628,,23.923,1479624
200,15,3,,1.126,239720,,33.763,1907284
200,15,3,,1.515,209976,,32.545,1639256
200,15,3,,0.818,129468,,39.603,2730936
200,15,3,,2.634,109808,,116.348,4312424
200,15,3,,5.602,112680,,126.919,2288360
200,15,3,,5.543,109220,,66.749,2811212
200,15,3,,2.679,243956,error: OutOfMemory,21.856,8017352
200,15,3,,3.473,241924,,7.211,838888
200,15,3,,0.917,110420,,24.908,1576708
200,15,3,,1.569,248024,,66.116,2892784
200,15,3,,3.872,112948,,154.396,4740196
200,15,3,,0.945,68172,,29.905,1845772
200,15,3,,2.257,78820,error: OutOfMemory,28.007,6213148
200,15,5,,2.884,394464,,43.671,2059756
200,15,5,,2.580,70836,info: ^^^,96.78795170783997,6209760
200,15,5,,3.266,484096,,53.756,2897176
200,15,5,,4.162,484688,TIMEOUT of 1200s,1200.0624601840973,5588120
200,15,5,,2.399,495308,,64.860,3485372
200,15,5,,3.846,131128,,259.098,6056000
200,15,5,,17.014,235504,,105.799,4554060
200,15,5,,3.930,224220,,76.860,4033252
200,15,5,,1.998,128544,,72.263,4012152
200,15,5,,2.040,225156,TIMEOUT of 1200s,1200.0023555755615,3369616
200,15,5,,2.339,131632,,99.741,3719464
200,15,5,,6.699,219864,,81.988,3974248
200,15,5,,5.177,233160,,190.384,4871052
200,15,5,,4.679,226468,,323.199,5068512
200,15,5,,2.818,383848,,52.545,2358320
200,15,5,,2.500,116460,error: OutOfMemory,17.712,7646508
200,15,5,,2.096,233580,,16.067,761844
200,15,5,,14.416,493996,info: ^^^,154.32313299179077,6828196
200,15,5,,7.258,234572,,140.672,3349820
200,15,5,,1.870,218220,,79.452,3969168
200,15,5,,11.695,257588,,503.857,6700100
200,15,5,,2.494,207756,,68.976,4644924
200,15,5,,5.156,483184,error: OutOfMemory,275.482,6273140
200,15,5,,8.162,257680,,194.897,7542084
200,15,5,,2.301,206252,TIMEOUT of 1200s,1200.0388951301575,5324612
200,15,5,,70.041,757560,error: OutOfMemory,50.229,6718864
200,15,5,,9.941,254720,info: ^^^,183.19526648521423,5993672
200,15,5,,8.666,492164,,94.373,4371864
200,15,5,,10.765,221328,error: OutOfMemory,33.594,6787752
200,15,5,,2.477,237568,,5.459,365296
200,15,5,,3.079,254000,,171.165,5221652
200,15,5,error: OutOfMemory,694.481,5500688,error: OutOfMemory,109.717,6783460
200,15,5,,3.378,411040,,120.447,5836112
200,15,5,,6.135,419340,TIMEOUT of 1200s,1200.0583670139313,5554568
200,15,5,,12.534,454728,info: ^^^,133.9839539527893,6315164
200,15,5,,68.143,2752420,error: OutOfMemory,21.733,7389712
200,15,5,,13.496,230684,error: OutOfMemory,203.489,7078096
200,15,5,,5.780,75264,,20.165,1022332
200,15,5,,5.348,215716,error: OutOfMemory,589.049,6691200
200,15,5,,15.571,208592,,64.962,2701080
200,15,5,,2.789,474168,,90.068,5511764
200,15,5,,6.721,945640,TIMEOUT of 1200s,1200.0402417182922,6155784
200,15,5,,13.335,116912,,165.462,6296816
200,15,5,,10.804,244584,,213.231,3248064
200,15,5,,7.258,398540,error: OutOfMemory,100.694,6957332
200,15,5,,6.291,207276,,125.944,6238408
200,15,5,,2.081,73256,error: OutOfMemory,246.425,6842196
200,15,5,,2.777,496704,,31.802,1892628
200,15,5,,18.956,468208,???:?:?: 0x0 in ??? (???),247.00036787986755,7352400
200,15,5,,2.390,130736,TIMEOUT of 1200s,1200.087848186493,4560836
200,15,5,,7.234,249264,,63.659,3429372
200,15,5,,3.362,261392,,79.614,3060900
200,15,5,,7.274,257620,TIMEOUT of 1200s,1200.029145002365,4018316
200,15,5,,14.711,245360,,123.122,3456496
200,15,5,,7.870,437740,error: OutOfMemory,435.609,7840244
200,15,5,,5.231,252072,,59.321,2819072
200,15,5,,6.901,243360,,279.702,5898772
200,15,5,,9.713,255668,,183.078,5699788
200,15,5,,2.990,407200,,102.252,4381532
200,15,5,,3.079,212692,,128.259,5451764
200,15,5,,2.077,113988,,67.656,3460008
200,15,5,,9.273,114140,,229.347,6312312
200,15,5,,30.201,233676,error: OutOfMemory,30.862,6676120
200,15,5,,8.028,246768,,136.212,4534152
200,15,5,,1.299,71900,,41.513,1917448
200,15,5,,4.578,383696,,250.518,3803120
200,15,5,,10.586,486896,,82.582,3660700
200,15,5,,3.367,233740,,60.077,2996144
200,15,5,,3.584,238460,,259.674,6408132
200,15,5,,2.770,489020,,71.059,4118380
200,15,5,,3.642,78440,,18.732,972840
200,15,5,error: OutOfMemory,31.364,4805608,error: OutOfMemory,14.362,7061088
200,15,5,,10.905,465848,info: ^^^,168.5148332118988,7204892
200,15,5,,4.995,81216,,10.389,400968
200,15,5,,5.846,457896,,248.929,4443356
200,15,5,,4.376,210856,,56.334,2299928
200,15,5,,26.574,212316,TIMEOUT of 1200s,1200.0331826210022,5578168
200,15,5,,6.864,228552,,61.946,3380392
200,15,5,,9.219,245016,error: OutOfMemory,30.472,7523296
200,15,5,,1.991,241308,,28.068,1483004
200,15,5,,4.805,471856,,238.498,7626252
200,15,5,,8.280,211060,info: ^^^,219.53847694396973,7288384
200,15,5,,1.964,491832,,82.275,3890776
200,15,5,error: OutOfMemory,41.424,4679816,error: OutOfMemory,63.072,7145736
200,15,5,,2.913,233856,,52.087,2848700
200,15,5,,4.693,483660,,266.447,6187776
200,15,5,error: OutOfMemory,34.517,6042208,error: OutOfMemory,27.695,7427680
200,15,5,,19.057,212756,,270.265,6351436
200,15,5,,3.180,249688,,102.705,4417168
200,15,5,,940.561,457616,,181.123,5360188
200,15,5,,7.381,208580,,174.614,4699912
200,15,5,,5.918,470800,,154.053,3344668
200,15,5,,2.443,454688,,63.362,3616148
200,5,3,,1.036,238296,,12.166,541824
200,5,3,,1.343,112844,,25.231,734084
200,5,3,,1.160,105544,,18.510,865804
200,5,3,,2.146,65532,,35.130,659264
200,5,3,,1.468,202164,,12.061,568576
200,5,3,,0.571,63392,,5.887,380048
200,5,3,,0.745,62004,,11.749,688596
200,5,3,,2.162,104464,,32.890,667688
200,5,3,,1.541,65360,,7.789,401448
200,5,3,,1.313,62340,,10.457,626852
200,5,3,,0.956,66812,,13.795,550924
200,5,3,,0.375,39932,,6.303,289192
200,5,3,,1.399,103104,,8.853,609060
200,5,3,,0.523,103940,,6.324,408796
200,5,3,,3.261,62808,,9.418,527576
200,5,3,,0.726,65656,,10.224,609064
200,5,3,,1.562,64096,,11.311,537380
200,5,3,,2.092,36564,,9.334,435324
200,5,3,,1.844,63728,,11.192,415412
200,5,3,,2.577,38224,,21.058,540532
200,5,3,,1.314,124512,error: OutOfMemory,45.462,6989632
200,5,3,,1.645,36216,,14.880,637808
200,5,3,,0.618,122104,,5.239,442464
200,5,3,,0.932,41156,,15.141,604656
200,5,3,,0.532,66752,,8.652,495064
200,5,3,,2.857,160156,,68.197,1357184
200,5,3,,0.707,117036,,3.952,260636
200,5,3,,3.538,123864,,48.954,1191508
200,5,3,,2.222,65848,,54.573,864952
200,5,3,,0.967,69492,,5.393,360176
200,5,3,,0.644,72032,,9.459,486180
200,5,3,,1.763,43204,,3.616,391424
200,5,3,,1.552,70396,,15.830,660728
200,5,3,,0.612,71860,,11.893,574948
200,5,3,,2.088,69012,,12.522,661720
200,5,3,,0.540,126076,,4.913,352624
200,5,3,,0.346,71096,,5.378,333772
200,5,3,,1.002,245512,,11.716,658588
200,5,3,,0.929,38336,,11.102,643016
200,5,3,,0.355,39976,,4.712,382828
200,5,3,,1.023,70868,,11.626,441908
200,5,3,,0.734,70304,,18.614,782704
200,5,3,,0.863,69720,,4.979,348608
200,5,3,,0.711,116348,,14.535,572664
200,5,3,,0.716,109588,,60.972,748876
200,5,3,,0.670,110620,,9.181,529388
200,5,3,,0.949,35768,,16.364,827304
200,5,3,,1.412,69376,,18.659,616728
200,5,3,,0.535,38908,,6.367,401112
200,5,3,,2.403,36704,,9.586,314360
200,5,3,,1.128,25196,,13.326,433716
200,5,3,,1.650,39448,TIMEOUT of 1200s,1200.0342860221863,2503944
200,5,3,,0.615,70924,,8.393,440260
200,5,3,,2.173,35844,,6.916,418376
200,5,3,,0.382,68064,,5.169,364816
200,5,3,,0.351,39380,,6.619,384796
200,5,3,,1.039,70908,,21.388,465300
200,5,3,,0.397,37916,,5.270,313120
200,5,3,,2.427,219072,,52.517,936420
200,5,3,,1.421,126584,,38.350,504848
200,5,3,,1.159,39264,,4.710,303956
200,5,3,,0.572,71744,,11.222,580644
200,5,3,,0.693,67168,,10.456,595888
200,5,3,,0.461,39332,,6.760,432560
200,5,3,,0.781,69860,,7.295,431428
200,5,3,,0.905,38628,,5.221,394052
200,5,3,,0.677,124204,,3.366,202276
200,5,3,,0.959,123772,error: OutOfMemory,36.352,7128832
200,5,3,,0.795,128464,,8.804,481340
200,5,3,,2.491,109548,,46.471,892280
200,5,3,,1.362,68740,,47.659,406728
200,5,3,,0.620,124300,,6.995,512196
200,5,3,,1.804,68108,,9.713,558020
200,5,3,,0.342,21628,,1.361,71808
200,5,3,,0.451,62372,,9.151,549772
200,5,3,,1.878,70204,,18.500,653900
200,5,3,,0.312,39032,,5.431,391072
200,5,3,,2.303,69132,,22.546,623612
200,5,3,,1.349,68384,,36.829,584008
200,5,3,,1.341,67212,,12.085,316880
200,5,3,,0.767,68200,,3.889,274468
200,5,3,,0.682,107996,,8.321,506468
200,5,3,,0.398,37636,,6.489,440764
200,5,3,,1.185,38488,,6.378,352052
200,5,3,,0.642,40248,,5.887,397548
200,5,3,,1.085,195756,,9.957,386004
200,5,3,,0.783,56836,,12.265,589932
200,5,3,,0.687,65364,,13.424,557300
200,5,3,,0.560,68920,,14.680,596344
200,5,3,,2.277,187848,,19.934,728964
200,5,3,,0.508,70700,,6.800,389812
200,5,3,,0.550,108212,,13.736,305260
200,5,3,,0.668,209012,,4.526,243068
200,5,3,,1.267,40052,,15.699,468512
200,5,3,,0.554,65796,,5.429,407856
200,5,3,,0.535,110204,,4.031,353040
200,5,3,,1.624,117524,,33.429,969968
200,5,3,,0.557,65556,,8.585,471132
200,5,3,,1.035,197244,,8.053,495464
200,5,3,,1.253,64488,,13.349,439796
200,5,5,,3.415,226472,,20.963,759088,0
200,5,5,,2.194,229440,,18.322,876248,1
200,5,5,,1.409,111308,,23.220,702980,2
200,5,5,,2.248,134092,TIMEOUT of 1200s,1200.0497469902039,1918440,3
200,5,5,,1.468,45256,error: OutOfMemory,13.520,6921896,4
200,5,5,,2.346,44360,,8.538,519664,5
200,5,5,,1.873,379768,,17.887,734708,6
200,5,5,,3.951,132056,,32.387,1052732,7
200,5,5,,2.150,130108,,28.687,755240,8
200,5,5,,2.893,454012,,34.153,1050860,9
200,5,5,,2.397,228992,,7.657,398552,10
200,5,5,,2.707,131080,error: OutOfMemory,22.669,5538880,11
200,5,5,,76.262,760440,error: OutOfMemory,22.875,6969240,12
200,5,5,,0.869,114212,TIMEOUT of 1200s,1200.019552230835,4605192,13
200,5,5,,2.606,71548,TIMEOUT of 1200s,1200.0663061141968,1001692,14
200,5,5,,6.444,206280,,27.474,953848,15
200,5,5,,1.557,111612,,38.571,1077164,16
200,5,5,,1.811,46544,,26.512,813032,17
200,5,5,,1.967,114612,,65.726,1616980,18
200,5,5,,53.517,398028,TIMEOUT of 1200s,1200.0995194911957,1096160,19
200,5,5,,1.872,115292,,12.689,542928,20
200,5,5,,3.077,138608,,27.931,853868,21
200,5,5,,1.145,125452,,14.652,759580,22
200,5,5,,9.101,216532,error: OutOfMemory,128.605,7112264,23
200,5,5,,2.408,110776,,15.905,815788,24
200,5,5,,6.296,111068,,17.133,746804,25
200,5,5,,1.345,225944,,13.140,687724,26
200,5,5,,1.334,38576,,7.819,462896,27
200,5,5,,2.465,428200,,31.996,799136,28
200,5,5,,5.336,130384,TIMEOUT of 1200s,1200.0592567920685,986816,29
200,5,5,,2.048,144360,,17.260,568688,30
200,5,5,,1.461,71788,,36.994,1222216,31
200,5,5,,1.410,113976,error: OutOfMemory,16.498,4577056,32
200,5,5,,1.122,128432,,20.617,866388,33
200,5,5,,1.761,71224,,14.432,705700,34
200,5,5,,3.041,73072,error: OutOfMemory,115.036,5659296,35
200,5,5,,2.619,114368,,34.826,5183764,36
200,5,5,error: OutOfMemory,19.986,6195400,error: OutOfMemory,26.738,6290420,37
200,5,5,,5.306,234952,,51.678,1251540,38
200,5,5,,5.989,115300,,19.105,542960,39
200,5,5,,8.470,584456,,18.148,882676,40
200,5,5,,1.196,211968,,72.179,2741964,41
200,5,5,,4.513,205828,,46.828,1153476,42
200,5,5,,30.673,254604,,161.065,2124708,43
200,5,5,,6.565,205048,error: OutOfMemory,52.991,6149180,44
200,5,5,,1.001,206700,,9.464,531180,45
200,5,5,,2.641,436632,,39.993,1219832,46
200,5,5,,5.200,121652,,13.562,747572,47
200,5,5,,8.973,191164,error: OutOfMemory,428.959,6578312,48
200,5,5,,3.066,112196,TIMEOUT of 1200s,1200.083179950714,2826616,49
200,5,5,,3.175,126628,,29.430,981980,50
200,5,5,,1.738,36152,,9.162,410040,51
200,5,5,,2.242,236724,,10.614,536864,52
200,5,5,,1180.363,3515028,,35.688,1188692,53
200,5,5,,3.251,211824,,161.699,3363760,54
200,5,5,,1.995,44232,error: OutOfMemory,12.751,6525756,56
200,5,5,,1.641,221520,,11.113,701352,57
200,5,5,,6.724,219024,,147.377,1156036,58
200,5,5,,4.231,220224,,61.111,997728,59
200,5,5,,2.624,404084,,26.383,909356,60
200,5,5,,21.885,382528,,56.319,1350496,61
200,5,5,,2.415,77752,,30.075,520736,62
200,5,5,,2.817,239400,,38.682,920792,63
200,5,5,,1.855,116464,TIMEOUT of 1200s,1200.0373492240906,1268920,64
200,5,5,,2.423,237332,,18.143,990160,65
200,5,5,,1.731,229920,,20.816,797036,66
200,5,5,,8.549,216984,,54.677,1102956,67
200,5,5,,2.756,77444,,50.399,937960,68
200,5,5,,2.206,136576,,28.711,805020,69
200,5,5,,2.431,236176,,45.304,888012,70
200,5,5,,1.438,42708,,33.534,887100,71
200,5,5,,1.169,117252,,18.488,669764,72
200,5,5,,4.952,242144,,25.937,1011192,73
200,5,5,error: OutOfMemory,28.799,5076592,,444.883,1422152,74
200,5,5,,1.957,111504,,13.913,703940,75
200,5,5,,0.011,1564,,0.023,1268,76
200,5,5,,2.075,117240,,8.773,539504,77
200,5,5,,6.950,233752,,11.062,705952,78
200,5,5,,1.634,110464,,8.860,403624,79
200,5,5,,2.453,457612,,13.685,725552,80
200,5,5,,1.665,221300,TIMEOUT of 1200s,1200.0867364406586,1616952,81
200,5,5,,4.075,208572,TIMEOUT of 1200s,1200.0464160442352,1037020,82
200,5,5,,0.764,132396,,11.363,721268,84
200,5,5,,4.519,222972,,32.972,694132,85
200,5,5,,2.590,110576,,12.298,727800,86
200,5,5,,2.159,110484,,11.369,673440,87
200,5,5,,4.070,215588,error: OutOfMemory,14.272,5843976,88
200,5,5,,2.666,215188,,34.455,858924,89
200,5,5,,6.141,128624,TIMEOUT of 1200s,1200.057711839676,1047988,90
200,5,5,,1.945,491408,,13.367,686240,91
200,5,5,,1.755,127236,,6.308,378648,92
200,5,5,,3.148,231168,TIMEOUT of 1200s,1200.0422313213348,1941492,93
200,5,5,,1.949,235900,,41.537,1079464,94
200,5,5,,1.311,118220,,13.422,750264,95
200,5,5,,0.829,97840,,26.172,964984,96
200,5,5,,2.689,247004,,53.149,1026108,97
200,5,5,,0.993,133192,,19.818,759088,98
200,5,5,,1.814,231092,error: OutOfMemory,19.287,5795872,99
150,10,3,,0.517,47908,,25.312,937688,0
150,10,3,,1.893,43424,,9.566,935632,1
150,10,3,,0.391,68260,,14.431,841180,2
150,10,3,,44.219,714972,TIMEOUT of 1200s,1200.0057764053345,629968,3
150,10,3,,0.724,36808,,9.015,630304,4
150,10,3,,1.276,39100,,5.882,394592,5
150,10,3,,0.223,10768,,9.853,532396,6
150,10,3,,2.591,37432,,32.972,4307200,7
150,10,3,,0.400,16252,,17.922,970092,8
150,10,3,,1.306,68844,,10.460,771812,9
150,10,3,,1.411,64692,TIMEOUT of 1200s,1200.0159554481506,1385828,10
150,10,3,,3.505,25540,,13.190,950164,11
150,10,3,,3.450,38752,TIMEOUT of 1200s,1200.076785326004,1102532,12
150,10,3,,0.631,37992,,27.263,1178760,13
150,10,3,,0.806,27808,,32.479,1052988,14
150,10,3,,2.758,69224,,53.458,963800,15
150,10,3,,0.981,37048,,13.635,736612,16
150,10,3,,0.354,37840,error: OutOfMemory,27.463,7188276,17
150,10,3,,0.401,68524,,3.547,263848,18
150,10,3,,0.727,37092,,18.465,1046100,19
150,10,3,,0.589,20936,,22.513,639384,20
150,10,3,,1.984,111788,,80.684,1668356,21
150,10,3,,3.860,68312,,162.962,2517888,22
150,10,3,,0.547,15276,,1.996,123352,23
150,10,3,,0.419,41888,,4.287,346468,24
150,10,3,,2.509,42916,,20.528,1033560,25
150,10,3,,0.354,16820,,2.662,180776,26
150,10,3,,0.808,111888,,21.461,642692,27
150,10,3,,2.101,69716,,8.167,525052,28
150,10,3,,0.441,107272,,5.332,466084,29
150,10,3,,0.591,43680,,9.644,600436,30
150,10,3,,6.395,727984,TIMEOUT of 1200s,1200.0646317005157,2791396,31
150,10,3,,1.404,69188,,32.681,923448,32
150,10,3,,1.332,70132,,21.650,765484,33
150,10,3,,0.770,36452,,18.147,884704,34
150,10,3,,0.774,38436,,6.766,452960,35
150,10,3,,0.889,108476,,32.176,983520,36
150,10,3,,0.361,21792,,1.668,105572,37
150,10,3,,0.323,45448,,14.742,796756,38
150,10,3,,1.187,29192,,10.712,435480,39
150,10,3,,0.444,111312,,6.689,529472,40
150,10,3,,1.950,35624,,8.574,695068,41
150,10,3,,2.853,109776,,44.770,1676228,42
150,10,3,,1.304,68256,,49.513,1585100,43
150,10,3,,1.683,70820,,11.017,280588,44
150,10,3,,0.794,37580,,12.945,1227208,45
150,10,3,,0.986,44032,,22.747,790276,46
150,10,3,,0.342,36660,,12.223,805700,47
150,10,3,,0.396,16616,,19.023,1041476,48
150,10,3,,1.188,109256,,46.742,1681664,49
150,10,3,,0.913,72816,,22.502,1135856,50
150,10,3,,0.798,38188,TIMEOUT of 1200s,1200.0001125335693,1780076,51
150,10,3,,2.338,37888,,10.429,568304,52
150,10,3,,0.343,16592,,8.860,547644,53
150,10,3,,0.887,109720,,11.130,758360,54
150,10,3,,1.222,51756,,23.107,802880,55
150,10,3,,4.660,39960,,14.519,887056,56
150,10,3,,0.718,49216,,10.100,597056,57
150,10,3,,3.524,40044,error: OutOfMemory,810.381,6116844,58
150,10,3,,2.816,38224,,34.437,1322240,59
150,10,3,,0.973,69392,,35.858,1189136,60
150,10,3,,0.394,37636,TIMEOUT of 1200s,1200.0022733211517,2634884,61
150,10,3,,3.349,94032,,88.070,2698688,62
150,10,3,,2.225,49000,,37.550,1597332,63
150,10,3,,0.471,40144,,7.387,454304,64
150,10,3,,1.356,41304,,41.428,801596,65
150,10,3,,0.699,68752,,14.669,915516,66
150,10,3,,2.330,41416,,7.290,541256,67
150,10,3,,0.360,44392,,9.417,695492,68
150,10,3,,0.400,38416,,13.552,876852,69
150,10,3,,0.635,110052,,18.666,1160020,70
150,10,3,,0.649,38020,,25.650,1071988,71
150,10,3,,0.391,41416,,2.701,203584,72
150,10,3,,0.324,49180,,18.962,610856,73
150,10,3,,0.608,37916,,23.874,1024760,74
150,10,3,,1.335,39504,,3.531,212532,75
150,10,3,,0.589,38948,,16.873,1107372,76
150,10,3,,0.839,70820,,14.047,981160,77
150,10,3,,2.247,42948,,20.774,990952,78
150,10,3,,3.216,42440,,32.477,1520320,79
150,10,3,,0.441,44252,,15.217,949496,80
150,10,3,,1.498,43156,,13.195,281564,81
150,10,3,,1.324,40120,,12.805,852228,82
150,10,3,,2.648,40396,,25.455,1018840,83
150,10,3,,0.916,100012,,17.714,989808,84
150,10,3,,3.095,50904,,38.468,1640092,85
150,10,3,,1.153,38892,,50.456,1606072,86
150,10,3,,3.713,37968,,11.973,467368,87
150,10,3,,1.162,67384,,15.510,877864,88
150,10,3,,1.135,37240,,15.711,679560,89
150,10,3,,0.776,39276,,30.560,1309980,90
150,10,3,,0.377,53104,,13.509,866372,91
150,10,3,,0.330,17000,,8.363,649424,92
150,10,3,,0.757,19624,,22.760,712568,93
150,10,3,,0.353,16756,,6.952,391224,94
150,10,3,,5.937,48656,,16.586,1035720,95
150,10,3,,0.455,68580,,9.091,722956,96
150,10,3,,1.960,42936,,20.402,693936,97
150,10,3,,1.800,68948,,37.807,1224888,98
150,10,3,,2.196,36616,,21.320,1064624,99
150,10,5,,2.752,57352,error: OutOfMemory,12.695,7190040,0
150,10,5,,1.009,109444,,25.933,1458108,1
150,10,5,,2.707,71092,,38.323,1535312,2
150,10,5,,9.179,83868,,27.735,1579304,3
150,10,5,,2.864,113512,error: OutOfMemory,65.178,7920836,4
150,10,5,,2.062,83268,,58.447,1595820,5
150,10,5,,1.430,241232,,8.751,505880,6
150,10,5,,4.213,200912,,241.315,935352,7
150,10,5,,1.180,113380,,11.271,581720,8
150,10,5,,3.384,227796,,24.281,931084,9
150,10,5,,1.192,72208,,41.109,1571292,10
150,10,5,,1.813,75976,,18.607,1014676,11
150,10,5,,4.628,215180,error: OutOfMemory,17.681,7685892,12
150,10,5,,1.292,216916,,29.665,1169684,13
150,10,5,,0.814,40284,,28.905,1450444,14
150,10,5,,1.101,39528,,286.968,1007080,15
150,10,5,,0.856,130972,,15.224,915668,16
150,10,5,,5.459,109228,,11.004,522684,17
150,10,5,,6.676,219908,,88.982,2222112,18
150,10,5,,36.959,127936,error: OutOfMemory,26.347,7098464,19
150,10,5,,2.555,46280,,16.676,850884,20
150,10,5,,6.059,111760,,60.806,1843240,21
150,10,5,,1.490,244396,,42.558,1502916,22
150,10,5,,0.973,113388,,24.162,1068792,23
150,10,5,,3.460,250748,TIMEOUT of 1200s,1200.0153880119324,1467272,24
150,10,5,,2.421,216564,,47.031,1995372,25
150,10,5,,2.964,246660,,44.423,2001012,26
150,10,5,,16.626,207084,,256.275,3555368,27
150,10,5,,1.671,72316,,29.688,1078664,28
150,10,5,,4.886,211848,,53.334,2158528,29
150,10,5,,3.081,129844,TIMEOUT of 1200s,1200.058742761612,1701852,30
150,10,5,,4.720,129820,,38.426,1193288,31
150,10,5,,5.009,66636,,50.891,1938172,32
150,10,5,,4.671,211852,,63.546,3318892,33
150,10,5,,3.415,46048,,3.711,525260,34
150,10,5,,3.147,71668,,22.347,1137160,35
150,10,5,,0.836,38488,,35.242,1130780,36
150,10,5,,20.564,67748,,93.065,962500,37
150,10,5,,2.509,238884,,52.544,1513292,38
150,10,5,,3.616,110984,,90.985,2756660,39
150,10,5,,2.142,243164,,13.459,523824,40
150,10,5,,4.577,114092,,37.308,1865132,41
150,10,5,,22.476,228484,,370.327,1950676,42
150,10,5,,2.007,126272,,56.818,1756772,43
150,10,5,,1.624,232792,,32.867,837716,44
150,10,5,,2.305,128260,error: OutOfMemory,349.059,6826008,45
150,10,5,,3.179,73080,TIMEOUT of 1200s,1200.0321309566498,3145872,46
150,10,5,,1.385,236240,TIMEOUT of 1200s,1200.0433461666107,6134424,47
150,10,5,,3.168,230464,,26.890,961456,48
150,10,5,,2.382,208072,,66.514,1876776,49
150,10,5,,1.332,73656,,39.534,1534324,50
150,10,5,,1.405,123752,,65.885,2129452,51
150,10,5,,5.198,495924,error: OutOfMemory,53.003,6443100,52
150,10,5,,1.914,125028,,66.792,2192820,53
150,10,5,,1.698,213688,TIMEOUT of 1200s,1200.0777842998505,3186992,54
150,10,5,,3.217,109764,,22.756,1902368,55
150,10,5,,15.757,257420,error: OutOfMemory,21.988,6774404,56
150,10,5,,0.954,95964,,22.878,1277224,57
150,10,5,,3.563,203276,,31.717,941096,58
150,10,5,,7.385,235744,,17.781,391660,59
150,10,5,,4.349,110248,,54.510,1524396,60
150,10,5,,1.794,248384,,50.090,1780968,61
150,10,5,,1.281,111936,,31.379,1520712,62
150,10,5,,10.967,128564,,37.056,1900840,63
150,10,5,,4.010,71120,,63.351,1866624,64
150,10,5,,1.309,45748,,7.180,416596,65
150,10,5,,2.624,235024,TIMEOUT of 1200s,1200.0537252426147,2565612,66
150,10,5,,1.499,70956,,49.416,2402564,67
150,10,5,,2.659,71764,,11.732,438664,68
150,10,5,,7.623,110028,,42.981,1211544,69
150,10,5,,4.485,196952,,89.621,2423236,70
150,10,5,,2.464,69076,,37.157,1633488,71
150,10,5,,1.844,114872,,17.592,1009940,72
150,10,5,,2.589,234908,,36.444,1205556,73
150,10,5,,2.444,75276,,19.653,804044,74
150,10,5,,2.185,113120,,79.633,2261544,75
150,10,5,,1.112,131276,,37.539,1592516,76
150,10,5,,7.870,61368,,22.050,1484908,77
150,10,5,,1.866,110108,,22.581,1176324,78
150,10,5,,3.623,218564,,59.299,2282116,79
150,10,5,,1.849,240824,,50.160,1624528,80
150,10,5,,2.087,42744,,31.626,1120248,81
150,10,5,,2.811,70980,error: OutOfMemory,18.713,7512784,82
150,10,5,,1.236,126288,,42.676,1549076,83
150,10,5,,0.964,71848,,15.325,1125904,84
150,10,5,,3.837,204416,,50.417,2310256,85
150,10,5,,2.346,215592,,38.846,1570608,86
150,10,5,,6.913,70880,,41.396,1076264,87
150,10,5,,2.469,212328,TIMEOUT of 1200s,1200.0696070194244,2986692,88
150,10,5,,9.412,2666304,error: OutOfMemory,23.211,7383836,89
150,10,5,,27.326,213268,,63.395,2281712,90
150,10,5,,4.736,224140,,41.365,1999160,91
150,10,5,,1.156,112692,,28.925,1510704,92
150,10,5,,3.242,54140,,63.422,2018492,93
150,10,5,,1.014,215820,,12.656,753996,94
150,10,5,,0.862,38964,,29.841,535456,95
150,10,5,,2.190,75236,,21.599,557644,96
150,10,5,,1.409,40292,,47.173,1493484,97
150,10,5,,1.788,74052,,27.840,980344,98
150,10,5,error: OutOfMemory,53.454,7134852,error: OutOfMemory,30.679,6086800,99
150,15,3,,0.777,37872,,31.088,1800004,0
150,15,3,,0.691,90000,,5.570,340412,1
150,15,3,,2.266,43404,,28.023,1082472,2
150,15,3,,1.228,36288,,49.580,2106500,3
150,15,3,,0.716,105704,,56.027,3255552,4
150,15,3,,0.854,45796,,46.120,2059744,5
150,15,3,,0.402,36904,,25.431,1506888,6
150,15,3,,1.144,46008,,47.313,2043420,7
150,15,3,,2.214,69188,,48.875,1369064,8
150,15,3,,1.340,38800,,24.502,1220620,9
150,15,3,,0.717,108288,,19.429,1911240,10
150,15,3,,7.994,61788,,168.328,2295324,11
150,15,3,,3.562,80560,,29.464,2213924,12
150,15,3,,1.010,74776,,49.747,1762896,13
150,15,3,,1.149,111652,,54.337,2125376,14
150,15,3,,1.047,128944,,27.953,1470520,15
150,15,3,,0.761,72804,,23.069,1586072,16
150,15,3,,1.268,43576,,54.522,2237852,17
150,15,3,,1.049,69232,,37.977,2112692,18
150,15,3,,1.371,52000,,91.889,3137560,19
150,15,3,,0.221,11996,,12.608,1986540,20
150,15,3,,0.483,38484,,28.525,1534392,21
150,15,3,,2.204,51948,,22.382,1376696,22
150,15,3,,1.024,72712,,20.868,1361976,23
150,15,3,,0.554,111456,,15.580,991696,24
150,15,3,,0.859,68236,,17.970,1003024,25
150,15,3,,0.980,67988,,12.821,601832,26
150,15,3,,2.343,38188,,249.139,2424668,27
150,15,3,,1.024,67208,,42.277,2297540,28
150,15,3,,0.359,47348,,17.875,1127528,29
150,15,3,,0.718,41916,,61.634,1954200,30
150,15,3,,0.585,69648,,23.037,1411372,31
150,15,3,,5.776,109172,,52.543,1877060,32
150,15,3,,0.616,36796,,39.889,2080676,33
150,15,3,,0.509,69060,,23.307,1383436,34
150,15,3,,3.330,59868,,49.488,2401092,35
150,15,3,,2.676,108756,,57.110,2252912,36
150,15,3,,3.219,75640,,27.601,1695240,37
150,15,3,,0.920,108832,,33.277,1810048,38
150,15,3,,1.656,40924,,27.787,1544596,39
150,15,3,,0.865,126400,,17.494,1055380,40
150,15,3,,1.619,38368,,27.470,1525416,41
150,15,3,,0.761,38608,,17.599,1008836,42
150,15,3,,0.903,70660,,34.204,1981736,43
150,15,3,,1.805,49152,,18.391,1795280,44
150,15,3,,1.366,66460,,44.353,2270748,45
150,15,3,,1.388,38616,,23.247,766820,46
150,15,3,,0.769,72400,,25.945,1809600,47
150,15,3,,3.547,40712,,28.534,1532140,48
150,15,3,,0.782,108368,,37.031,2263708,49
150,15,3,,2.244,44412,,29.687,1827064,50
150,15,3,,1.207,67584,,61.973,1751508,51
150,15,3,,2.738,69804,,24.886,1713468,52
150,15,3,,1.265,42012,,50.078,2250804,53
150,15,3,,3.008,46780,,19.280,1390336,54
150,15,3,,2.137,109280,,23.379,2511712,55
150,15,3,,2.461,37768,,31.083,1216056,56
150,15,3,,0.469,24980,,25.821,1439800,57
150,15,3,,0.510,22808,,43.250,2144688,58
150,15,3,,0.996,209144,,8.977,893728,59
150,15,3,,0.536,35344,,30.737,1981048,60
150,15,3,,0.642,110784,,12.870,932560,61
150,15,3,,0.918,109976,,45.716,2357068,62
150,15,3,,1.090,40392,,59.944,2041472,63
150,15,3,,7.712,65152,,116.629,2446096,64
150,15,3,,1.911,37280,,42.539,1255812,65
150,15,3,,0.879,123340,,30.680,1846248,66
150,15,3,,0.564,106648,,16.483,1691272,67
150,15,3,,1.687,69720,,11.960,806700,68
150,15,3,,2.013,41808,,45.568,1273104,69
150,15,3,,2.586,69860,,51.042,1729664,70
150,15,3,,0.926,37172,,8.593,687732,71
150,15,3,,0.392,46980,,17.124,962156,72
150,15,3,,1.601,44004,,13.918,736772,73
150,15,3,,4.932,76164,,45.517,1847796,74
150,15,3,,0.644,68740,,23.746,1269180,75
150,15,3,,2.416,45608,TIMEOUT of 1200s,1200.0754923820496,2438796,76
150,15,3,,0.597,42288,,24.840,1157232,77
150,15,3,,2.994,42688,,78.044,2295780,78
150,15,3,,2.184,38088,,27.877,1817640,79
150,15,3,,2.188,37000,,26.126,1099604,80
150,15,3,,0.613,69980,,36.760,2014664,81
150,15,3,,2.956,38456,,23.334,830928,82
150,15,3,,4.144,61716,,9.789,209036,83
150,15,3,,3.172,70104,,10.091,453684,84
150,15,3,,2.204,68424,,25.857,1576164,85
150,15,3,,1.109,109180,,36.418,2063312,86
150,15,3,,2.845,64224,,131.230,3458040,87
150,15,3,,3.328,57820,,90.800,3790712,88
150,15,3,,0.781,65444,,33.162,1503288,89
150,15,3,,0.941,69064,,56.518,1326704,90
150,15,3,,0.622,44288,,9.124,500136,91
150,15,3,,4.076,69104,,86.087,4053440,92
150,15,3,,2.056,69580,,33.707,1586220,93
150,15,3,,0.868,61672,,28.875,1550648,94
150,15,3,,25.080,106664,,96.129,3186412,95
150,15,3,,2.318,69028,,18.661,1152288,97
150,15,3,,2.519,39340,,4.373,202564,98
150,15,3,,0.577,37744,,12.267,969480,99
150,15,5,,8.430,111832,TIMEOUT of 1200s,1200.057517528534,7122508,0
150,15,5,,4.036,111228,,73.502,2885104,1
150,15,5,,3.268,249444,,34.915,869920,2
150,15,5,,34.850,229704,,49.818,1499228,3
150,15,5,,3.902,126276,,159.980,3908336,4
150,15,5,,18.565,202116,,302.058,3749148,5
150,15,5,,17.343,153040,,92.938,2889712,6
150,15,5,,2.872,217708,TIMEOUT of 1200s,1200.0812537670135,5798084,7
150,15,5,,17.104,110228,,82.749,2143500,8
150,15,5,,11.342,217196,,154.681,4056968,9
150,15,5,,4.922,70148,,86.148,2242068,10
150,15,5,,3.443,112384,,96.784,1820296,11
150,15,5,,8.018,70876,,9.079,551816,12
150,15,5,,2.696,110128,,128.250,3168756,13
150,15,5,,2.583,205024,,140.691,3057116,14
150,15,5,,2.064,69660,,58.355,2683276,15
150,15,5,,5.052,239200,,90.406,2230228,16
150,15,5,,4.224,109308,,95.203,2652524,17
150,15,5,,2.628,113892,,57.907,1551752,18
150,15,5,,2.970,226560,,23.479,1466768,19
150,15,5,,1.763,211256,,48.945,1941484,20
150,15,5,,1.498,114268,,25.210,1403700,21
150,15,5,,24.450,232032,TIMEOUT of 1200s,1200.0449023246765,2849640,22
150,15,5,error: OutOfMemory,26.744,6868256,error: OutOfMemory,329.369,6712800,23
150,15,5,,4.499,227084,,73.610,3205848,24
150,15,5,,10.357,223004,TIMEOUT of 1200s,1200.023986339569,3457668,25
150,15,5,,3.623,217364,,64.548,3376460,26
150,15,5,,3.424,74664,TIMEOUT of 1200s,1200.047521352768,3330776,27
150,15,5,,2.534,252332,,61.353,2327484,28
150,15,5,,3.038,58784,,92.785,2823724,29
150,15,5,,3.499,108724,,61.248,3230068,30
150,15,5,,6.935,76568,TIMEOUT of 1200s,1200.0430843830109,2009736,31
150,15,5,,1.371,70804,,39.571,1520720,32
150,15,5,,6.736,110232,,127.971,1268996,33
150,15,5,,3.253,227632,,32.325,760308,34
150,15,5,,2.541,483956,,79.058,3853684,35
150,15,5,,2.244,112028,TIMEOUT of 1200s,1200.0402364730835,3678596,36
150,15,5,,4.032,69848,,23.241,1389196,37
150,15,5,,11.404,128740,,82.861,3117536,38
150,15,5,,2.152,110720,,47.900,2131100,39
150,15,5,,4.312,70944,,70.423,1745612,40
150,15,5,,3.148,227996,,120.321,3741180,41
150,15,5,,4.629,108864,,188.665,4818368,42
150,15,5,,30.065,239736,TIMEOUT of 1200s,1200.0821361541748,3918924,43
150,15,5,,2.768,220836,,61.123,2881036,44
150,15,5,,2.865,71152,error: OutOfMemory,33.633,6298984,45
150,15,5,,12.537,230552,,336.602,6640780,46
150,15,5,,1.629,230616,,61.775,2323668,47
150,15,5,,3.601,110428,,279.486,4702372,48
150,15,5,,2.588,113996,,59.844,2922736,49
150,15,5,,8.674,107292,,201.623,3506444,50
150,15,5,,4.609,111128,TIMEOUT of 1200s,1200.0352005958557,6608944,51
150,15,5,,1.615,112656,,10.651,452916,52
150,15,5,,2.862,230744,,57.398,2363720,53
150,15,5,,2.914,222692,,210.687,3283956,54
150,15,5,,23.958,482820,,850.076,4312036,55
150,15,5,error: OutOfMemory,17.311,6097860,error: OutOfMemory,14.884,8074440,56
150,15,5,,2.989,77720,TIMEOUT of 1200s,1200.0381879806519,2886464,57
150,15,5,,3.091,218600,,986.606,4876484,58
150,15,5,,6.940,225092,,237.566,4761692,59
150,15,5,,3.502,75040,,25.260,1160932,60
150,15,5,,2.333,220808,,42.486,1563912,61
150,15,5,,5.874,110580,,28.053,976960,62
150,15,5,,1.870,240928,,66.080,3080768,63
150,15,5,,1.201,108712,,54.389,2970888,64
150,15,5,,1.557,223144,,78.764,2569460,65
150,15,5,,2.039,112788,,24.815,803144,66
150,15,5,,1.801,246300,,93.407,4123620,67
150,15,5,,7.040,233760,,234.239,3305912,68
150,15,5,,6.842,221028,,94.800,3926360,69
150,15,5,,4.297,204948,,54.466,2523244,70
150,15,5,,5.452,565568,error: OutOfMemory,16.251,6629616,71
150,15,5,,4.874,71496,,1.042,21488,72
150,15,5,,3.955,246064,,56.035,2791140,73
150,15,5,,2.790,109992,,39.431,2020036,74
150,15,5,,1.852,226132,,16.599,902204,75
150,15,5,,1.238,219028,,66.944,3927796,76
150,15,5,,1.465,108584,,91.387,3814648,78
150,15,5,,4.484,204704,,67.159,2873072,79
150,15,5,,3.154,236720,,21.986,999296,80
150,15,5,,2.165,128572,,113.419,2333360,81
150,15,5,,2.803,210744,,37.641,1741884,82
150,15,5,,5.570,66720,,156.403,4166332,83
150,15,5,,12.645,126884,,2.894,402656,84
150,15,5,,1.976,69828,,49.842,2494708,85
150,15,5,,3.791,217268,error: OutOfMemory,64.359,8180940,87
150,15,5,,5.433,484800,,104.148,4636468,88
150,15,5,,4.220,216332,,39.408,2108212,89
150,15,5,,6.651,121280,,213.816,4067520,90
150,15,5,,2.317,126376,,23.450,1027800,91
150,15,5,,22.417,127304,,234.391,3192244,92
150,15,5,,3.001,438464,,76.421,3955228,93
150,15,5,,3.843,218020,,56.250,2125208,94
150,15,5,,5.098,70588,,63.557,2196756,95
150,15,5,,9.231,111588,,79.134,3329020,96
150,15,5,,2.143,236076,,167.723,3616576,97
150,15,5,,3.206,212448,,28.933,2193604,98
150,15,5,,6.028,226624,,86.402,4169804,99
150,5,3,,0.673,39816,,8.882,331808,0
150,5,3,,0.356,11212,,11.830,270792,1
150,5,3,,0.667,38124,,6.162,257576,2
150,5,3,,0.344,51208,,0.166,11924,3
150,5,3,,0.264,41420,,3.990,321240,4
150,5,3,,1.075,20804,,4.956,287988,5
150,5,3,,0.855,21588,,8.155,315780,6
150,5,3,,0.930,22276,,11.394,304684,7
150,5,3,,0.676,44648,,13.781,585360,8
150,5,3,,0.238,44000,,2.143,121304,9
150,5,3,,0.425,67372,,4.107,220416,10
150,5,3,,3.818,42940,,21.950,397276,11
150,5,3,,0.408,69748,,6.000,351968,12
150,5,3,,0.366,17484,,4.278,195152,13
150,5,3,,0.251,38408,,3.552,206444,14
150,5,3,,2.571,35404,,2.266,295224,15
150,5,3,,0.565,42240,,8.387,263196,16
150,5,3,,0.570,18704,,2.868,178304,17
150,5,3,,0.357,17256,,7.343,281776,18
150,5,3,,0.708,23064,,8.713,446224,19
150,5,3,,1.242,109280,,20.283,782040,20
150,5,3,,0.546,50320,,10.265,577292,21
150,5,3,,1.194,23216,,2.746,178312,22
150,5,3,,0.390,13328,,2.380,170776,23
150,5,3,,0.728,35720,,4.516,321764,24
150,5,3,,0.266,49600,,1.272,108312,25
150,5,3,,1.474,21168,,11.523,385384,26
150,5,3,,0.323,54668,,2.912,213388,27
150,5,3,,1.894,45980,,6.733,182716,28
150,5,3,,0.909,71396,,18.134,480388,29
150,5,3,,0.584,38248,,2.010,186532,30
150,5,3,,1.628,22336,,4.220,152280,31
150,5,3,,1.156,30516,,39.019,992720,32
150,5,3,,2.111,38752,,16.497,661948,33
150,5,3,,0.621,18656,,4.542,283668,34
150,5,3,,0.522,49560,,6.146,248260,35
150,5,3,,0.586,70724,,13.563,498872,36
150,5,3,,0.648,39660,,3.975,183064,37
150,5,3,,0.771,39252,,17.891,472684,38
150,5,3,,0.774,18896,,6.088,309040,39
150,5,3,,0.317,36748,,3.716,224716,40
150,5,3,,0.790,38460,,15.092,519600,41
150,5,3,,0.361,43984,,6.868,265184,42
150,5,3,,0.417,14300,,2.821,194836,43
150,5,3,,1.166,22832,,15.697,417800,44
150,5,3,,0.547,39492,,7.819,297692,45
150,5,3,,0.668,17836,,11.046,345128,46
150,5,3,,2.869,23904,,2.629,128280,47
150,5,3,,0.611,55420,,1.546,124856,48
150,5,3,,0.274,43832,,2.056,134852,49
150,5,3,,0.196,6928,,2.372,186472,50
150,5,3,,0.373,10660,,3.265,183656,51
150,5,3,,1.267,23952,,4.173,232448,52
150,5,3,,0.327,13712,,3.005,174508,53
150,5,3,,0.432,43132,,7.909,288536,54
150,5,3,,0.993,51696,,17.570,424008,55
150,5,3,,0.792,18152,,6.067,269632,56
150,5,3,,1.817,39716,,15.388,395996,57
150,5,3,,0.199,10460,,6.000,310472,58
150,5,3,,0.286,50776,,2.216,167992,59
150,5,3,,0.271,13552,,3.588,276840,60
150,5,3,,0.491,72552,,4.601,324900,61
150,5,3,,0.408,20940,,8.323,486940,62
150,5,3,,0.243,9332,,5.617,267376,63
150,5,3,,0.530,49532,,8.131,396744,64
150,5,3,,0.310,39860,,4.448,269384,65
150,5,3,,0.378,52024,,5.339,212836,66
150,5,3,,0.613,40840,,3.989,339068,67
150,5,3,,0.162,7108,,1.914,158356,68
150,5,3,,1.736,41556,error: OutOfMemory,20.809,6637992,69
150,5,3,,0.988,18768,,4.570,264392,70
150,5,3,,0.790,40020,,3.941,205108,71
150,5,3,,0.218,50564,,0.615,62788,72
150,5,3,,0.197,55484,,2.163,200728,73
150,5,3,,0.275,15500,,3.878,213872,74
150,5,3,,1.088,38688,,29.483,412260,75
150,5,3,,0.422,39116,,6.173,381136,76
150,5,3,,0.989,23392,,4.365,311028,77
150,5,3,,0.932,44828,,3.556,233644,78
150,5,3,,4.688,42416,,8.586,254428,79
150,5,3,,0.431,69700,,7.284,512612,80
150,5,3,,0.381,36320,,4.499,307876,81
150,5,3,,0.341,40520,,2.879,189916,82
150,5,3,,0.670,17860,,8.119,343388,83
150,5,3,,0.250,48752,,1.072,88752,84
150,5,3,,4.236,37824,,39.607,526232,85
150,5,3,,1.232,24344,,4.402,245500,86
150,5,3,,3.566,33064,error: OutOfMemory,24.946,5488048,87
150,5,3,,0.440,41972,,4.876,170708,88
150,5,3,,0.813,43364,,22.884,424092,89
150,5,3,,0.339,39500,,2.810,213380,90
150,5,3,,0.634,39020,,8.973,379604,91
150,5,3,,1.217,38152,,5.654,224712,92
150,5,3,,1.171,71008,,10.047,433440,93
150,5,3,error: OutOfMemory,33.134,6823180,,5.122,341332,94
150,5,3,,1.021,38608,,4.247,246060,95
150,5,3,,0.236,14312,,3.670,254620,96
150,5,3,,0.934,69624,,5.134,292892,97
150,5,3,,0.214,10796,,1.827,108316,98
150,5,3,,0.201,51792,,2.411,227564,99
150,5,5,,1.362,112048,,9.484,425456,0
150,5,5,,1.698,40324,,3.610,187020,1
150,5,5,,3.032,88876,,12.275,900580,2
150,5,5,,0.776,85276,,6.133,200228,3
150,5,5,,3.424,40320,,12.386,411488,4
150,5,5,,4.940,217080,,217.612,2249972,5
150,5,5,,1.414,112828,,18.698,460476,6
150,5,5,,1.189,42152,,6.710,267668,7
150,5,5,,1.146,31536,,6.647,366968,8
150,5,5,,1.827,243688,,14.953,470284,9
150,5,5,,1.370,111240,,25.068,641308,10
150,5,5,,0.676,73504,,9.998,427920,11
150,5,5,,0.699,39816,,5.081,275740,12
150,5,5,,1.107,24212,,84.888,1168380,13
150,5,5,,0.898,71700,,17.073,569536,14
150,5,5,,1.667,71384,,13.985,556248,15
150,5,5,,2.255,72480,,12.456,410528,16
150,5,5,,2.147,229752,,30.776,818856,17
150,5,5,,0.725,133648,,5.483,362816,18
150,5,5,,4.236,61464,,8.828,335556,19
150,5,5,,2.592,40032,TIMEOUT of 1200s,1200.0276064872742,1755176,20
150,5,5,,0.968,70556,,14.873,506644,21
150,5,5,,2.454,110992,,39.588,638668,22
150,5,5,,1.172,71200,,11.160,369796,23
150,5,5,error: OutOfMemory,36.430,5378128,error: OutOfMemory,29.353,5733680,24
150,5,5,,2.993,210780,,20.479,688264,25
150,5,5,,0.974,68796,,10.148,504984,26
150,5,5,,1.761,39404,,18.047,563188,27
150,5,5,,1.329,69416,,11.552,419048,28
150,5,5,,0.911,222356,,10.270,518760,29
150,5,5,,3.723,39612,,34.414,599788,30
150,5,5,,0.760,117940,,14.487,558540,31
150,5,5,,0.611,114920,,2.803,148168,32
150,5,5,,1.192,230224,,7.620,447372,33
150,5,5,,1.842,114100,,11.430,208672,34
150,5,5,,6.511,42660,,3.143,132880,35
150,5,5,,6.086,58596,TIMEOUT of 1200s,1200.0326743125916,1273028,36
150,5,5,,1.380,43668,,6.765,235440,37
150,5,5,,1.093,72312,,7.968,376084,38
150,5,5,,1.844,40620,,7.764,425864,39
150,5,5,,1.847,72724,,19.581,571304,40
150,5,5,,0.773,38332,,17.100,662032,41
150,5,5,,0.954,111732,,6.836,447216,42
150,5,5,,3.192,233264,error: OutOfMemory,226.489,7390840,43
150,5,5,,1.597,47900,,1.352,55236,44
150,5,5,,6.333,278676,,16.381,572120,45
150,5,5,,0.850,39040,,8.900,369172,46
150,5,5,,5.540,201208,error: OutOfMemory,67.704,7847188,47
150,5,5,,2.498,26416,,12.448,428016,48
150,5,5,,1.384,40024,,10.848,499788,49
150,5,5,,0.373,37272,,7.096,407680,50
150,5,5,,1.055,71108,,17.425,669168,51
150,5,5,,2.361,133728,,20.119,796464,52
150,5,5,,2.621,43712,,31.336,821580,53
150,5,5,,5.495,57832,TIMEOUT of 1200s,1200.051275730133,2864080,54
150,5,5,,2.081,70772,,29.353,817172,55
150,5,5,,0.834,100344,error: OutOfMemory,1118.898,5839608,56
150,5,5,,0.789,114944,,10.464,529720,57
150,5,5,,40.518,1033228,error: OutOfMemory,42.215,6966940,58
150,5,5,,0.600,39516,,9.576,451928,59
150,5,5,,3.589,40372,,8.576,454660,60
150,5,5,,1.004,40480,,10.542,504628,61
150,5,5,,2.009,73236,,10.404,488772,62
150,5,5,,0.937,41628,,7.003,267740,63
150,5,5,,0.853,191376,,7.527,396160,64
150,5,5,,1.907,115604,TIMEOUT of 1200s,1200.0497734546661,924892,65
150,5,5,,1.382,40940,,22.332,493208,66
150,5,5,,1.082,112172,,4.532,169304,67
150,5,5,,0.976,41936,,4.971,346736,68
150,5,5,,0.937,40364,,6.269,273256,69
150,5,5,,1.968,42908,,31.935,718592,70
150,5,5,,0.621,24060,,4.492,249560,71
150,5,5,,2.192,64020,,13.600,583600,72
150,5,5,,1.576,72116,,10.541,553628,73
150,5,5,,1.830,41060,,161.281,649172,74
150,5,5,,0.592,111200,,5.760,351716,75
150,5,5,,1.349,71072,,13.465,495992,76
150,5,5,,13.316,71996,error: OutOfMemory,13.308,6491188,77
150,5,5,,3.415,71980,,44.642,804656,78
150,5,5,,3.012,35088,,14.289,434104,79
150,5,5,,2.417,70192,TIMEOUT of 1200s,1200.0249662399292,3807052,80
150,5,5,,1.954,110724,,14.604,485568,81
150,5,5,,1.018,218096,TIMEOUT of 1200s,1200.0581858158112,2632076,82
150,5,5,,0.492,71252,,5.614,259448,83
150,5,5,,0.899,113128,,9.896,389624,84
150,5,5,,2.894,37008,,13.896,495864,85
150,5,5,,0.785,45620,,5.890,178884,86
150,5,5,,0.820,39384,,10.960,445128,87
150,5,5,,1.196,70888,,4.751,275488,88
150,5,5,,3.297,44848,,14.344,536656,89
150,5,5,,1.352,33672,,10.862,428120,90
150,5,5,,6.119,196764,TIMEOUT of 1200s,1200.0258095264435,1059048,91
150,5,5,,1.147,70972,,24.954,760748,92
150,5,5,error: OutOfMemory,114.179,4592948,TIMEOUT of 1200s,1200.063203573227,597208,93
150,5,5,,1.574,40128,,14.884,437260,94
150,5,5,,1.670,65484,TIMEOUT of 1200s,1200.0685999393463,1665168,95
150,5,5,,3.183,113928,,14.350,505324,96
150,5,5,,0.489,48340,,6.207,231472,97
150,5,5,error: OutOfMemory,140.320,5466256,error: OutOfMemory,20.663,6737080,98
150,5,5,,2.518,48240,TIMEOUT of 1200s,1200.0289080142975,1217052,99
100,10,3,,1.980,23944,,19.121,662732,0
100,10,3,,1.220,24484,,33.204,645352,1
100,10,3,,0.228,14884,,2.118,120112,2
100,10,3,,0.172,8504,,6.075,389832,3
100,10,3,,1.222,22364,,10.476,378040,4
100,10,3,,0.522,17468,,9.398,384788,5
100,10,3,,0.204,8236,,5.685,365488,6
100,10,3,,0.862,18476,,12.568,446228,7
100,10,3,,0.412,17740,,36.719,1775188,8
100,10,3,,0.280,49344,,9.219,461560,9
100,10,3,,0.484,16724,,4.755,295656,10
100,10,3,,0.587,16380,,1.658,91576,11
100,10,3,,0.280,12492,,1.387,90328,12
100,10,3,,0.278,14264,,7.591,324116,13
100,10,3,,1.093,23832,error: OutOfMemory,8.109,6920688,14
100,10,3,,0.287,13672,,4.676,344232,15
100,10,3,,0.313,53024,,5.322,379552,16
100,10,3,,0.306,9316,,0.818,40900,17
100,10,3,,0.227,12900,,4.362,298968,18
100,10,3,,0.684,16120,,4.272,284388,19
100,10,3,,0.270,12744,,6.149,380652,20
100,10,3,,0.484,20108,,1.645,87960,21
100,10,3,,0.305,10368,,7.962,409720,22
100,10,3,,0.694,43964,,21.351,614484,23
100,10,3,,0.234,9656,,2.146,99424,24
100,10,3,,0.329,46424,,7.864,462328,25
100,10,3,,0.295,35812,,5.141,287348,26
100,10,3,,0.991,15372,,7.015,355840,27
100,10,3,,0.228,10328,,2.501,197112,28
100,10,3,,0.291,48488,,5.624,356376,29
100,10,3,,0.422,16448,,11.288,540132,30
100,10,3,,0.800,23012,,4.889,377416,31
100,10,3,,0.190,13072,,2.192,170272,32
100,10,3,,0.171,4960,,1.815,183608,33
100,10,3,,0.894,23652,,0.026,1304,34
100,10,3,,0.628,41124,,16.040,871216,35
100,10,3,,0.734,18520,,4.567,243028,36
100,10,3,,4.818,43380,error: OutOfMemory,37.767,5927368,37
100,10,3,,0.347,42296,,0.137,11364,38
100,10,3,,0.360,53572,,1.448,88088,39
100,10,3,,0.681,16784,,0.376,27256,40
100,10,3,,2.010,21756,,10.159,395572,41
100,10,3,,1.470,25072,,5.782,313288,42
100,10,3,,0.603,42808,,19.039,551784,43
100,10,3,,0.265,10172,,4.887,367740,44
100,10,3,,0.700,16920,,13.321,365340,45
100,10,3,,0.971,24508,,9.411,317188,46
100,10,3,,0.432,12984,,4.482,158880,47
100,10,3,,0.990,17576,,18.154,430532,49
100,10,3,,0.192,43180,,1.952,193456,50
100,10,3,,0.520,41684,,2.919,239596,51
100,10,3,,57.196,3653072,,33.461,803692,52
100,10,3,,0.440,11756,,1.775,88860,53
100,10,3,,0.981,19436,,7.684,405768,54
100,10,3,,0.235,10004,,2.509,185584,55
100,10,3,,0.220,12024,,4.795,290984,56
100,10,3,,0.663,18976,,14.934,620044,57
100,10,3,,0.343,51120,,3.579,198392,58
100,10,3,,1.821,41676,,4.913,436480,59
100,10,3,,0.348,8932,,4.663,149452,60
100,10,3,,0.197,3880,,4.253,273012,61
100,10,3,,0.524,17320,,1.090,84356,62
100,10,3,,1.616,23752,,13.457,494984,63
100,10,3,,0.486,20520,,10.066,534080,64
100,10,3,,0.589,43612,,15.716,950860,65
100,10,3,,0.268,9968,,4.413,214572,66
100,10,3,,0.935,42204,,7.816,442216,67
100,10,3,,0.258,15276,,2.248,129144,68
100,10,3,,0.454,14832,,3.965,292856,69
100,10,3,,0.350,16180,,6.562,396656,70
100,10,3,,1.063,20052,,15.996,473032,71
100,10,3,,0.645,16004,,2.377,178796,72
100,10,3,,0.293,55848,,6.228,349164,73
100,10,3,,1.078,22832,,2.113,102652,74
100,10,3,,0.457,19816,,20.939,917976,75
100,10,3,,0.581,16000,,10.569,400868,76
100,10,3,,0.321,15212,,2.974,167600,77
100,10,3,,0.343,37144,,6.786,319880,78
100,10,3,,0.998,22448,,14.379,398872,79
100,10,3,,0.915,16080,,4.978,245872,80
100,10,3,,0.496,39584,,4.099,235452,81
100,10,3,,0.520,17492,,5.640,375052,82
100,10,3,,0.258,11836,,6.602,376600,83
100,10,3,,0.166,6804,,4.800,288596,84
100,10,3,,0.205,6932,,4.748,275652,85
100,10,3,,0.490,44532,,11.010,516868,86
100,10,3,,0.747,22580,,8.575,371088,87
100,10,3,,0.616,20608,,1.989,137588,88
100,10,3,,0.735,18816,,18.522,571176,89
100,10,3,,0.500,19036,,15.601,793064,90
100,10,3,,0.297,41080,,4.221,265848,91
100,10,3,,0.169,8932,,2.011,166012,92
100,10,3,,0.518,14588,,15.526,417560,93
100,10,3,,0.599,21532,,24.076,888100,94
100,10,3,,0.646,21564,,20.162,842264,95
100,10,3,,0.911,23132,,5.979,440968,96
100,10,3,,0.227,9788,,2.029,128112,97
100,10,3,,0.573,45300,,1.751,98772,98
100,10,3,,1.277,24460,,6.792,375204,99
100,10,5,,1.989,70408,,39.334,1270440,0
100,10,5,,0.777,42424,TIMEOUT of 1200s,1200.0463647842407,2456264,1
100,10,5,,0.808,37988,,9.346,533312,2
100,10,5,,1.441,38300,,9.940,352152,3
100,10,5,,2.376,60044,,1.786,66600,4
100,10,5,,1.175,37996,,14.853,765208,5
100,10,5,,0.754,38120,,27.311,794144,6
100,10,5,,1.396,37096,,22.181,778480,7
100,10,5,,1.144,67148,,12.989,820924,8
100,10,5,,0.940,27328,,7.559,408184,10
100,10,5,,1.231,43812,,9.804,369376,11
100,10,5,,0.956,51004,,14.779,868168,12
100,10,5,,1162.920,3740836,error: OutOfMemory,17.112,6065908,13
100,10,5,,14.648,70012,error: OutOfMemory,16.963,7683896,14
100,10,5,,1.202,40576,TIMEOUT of 1200s,1200.0688817501068,8046848,15
100,10,5,,1.407,37596,,15.934,568228,16
100,10,5,,2.206,108628,,47.619,1340544,17
100,10,5,,1.323,36916,,12.174,562556,18
100,10,5,,1.079,109592,,0.447,25940,19
100,10,5,,3.183,109928,,48.712,1114500,20
100,10,5,,1.286,38440,,11.006,315872,21
100,10,5,,1.049,44624,,15.671,542020,22
100,10,5,,82.354,1584868,,9.928,443292,23
100,10,5,,0.643,112488,,0.891,48360,24
100,10,5,,2.824,39948,,16.264,504524,25
100,10,5,,0.352,16800,,9.034,535772,26
100,10,5,,1.668,39228,,20.027,1051840,27
100,10,5,,0.556,42184,,9.702,450052,28
100,10,5,,1.408,32668,,28.313,829344,29
100,10,5,,1.355,37048,,21.638,1167136,30
100,10,5,,1.352,26528,,9.756,511876,31
100,10,5,error: OutOfMemory,35.705,5436692,error: OutOfMemory,62.977,6239160,32
100,10,5,,0.459,66456,,5.021,440076,33
100,10,5,,2.896,46528,,12.966,214612,34
100,10,5,,0.612,40240,,1.353,73332,35
100,10,5,,1.746,38100,,25.048,685920,36
100,10,5,,0.652,39148,,9.318,460756,38
100,10,5,,2.839,80880,,78.410,2206552,39
100,10,5,,0.832,18580,,3.585,178096,40
100,10,5,,0.398,38208,,5.956,378204,41
100,10,5,,0.693,39580,,14.262,609976,42
100,10,5,,0.920,39532,,6.038,254876,43
100,10,5,,0.922,23176,,20.639,774096,44
100,10,5,error: OutOfMemory,65.535,6286864,TIMEOUT of 1200s,1200.026587486267,566816,45
100,10,5,error: OutOfMemory,30.359,5761472,TIMEOUT of 1200s,1200.0795319080353,4228196,46
100,10,5,,4.661,70784,,126.830,1178192,47
100,10,5,,1.888,44244,,16.326,494252,48
100,10,5,,1.344,44560,error: OutOfMemory,19.503,7569344,49
100,10,5,,2.916,57176,,5.006,164832,50
100,10,5,,1.322,25688,,21.697,800228,51
100,10,5,,0.766,107896,,8.449,365272,52
100,10,5,,1.910,108756,,16.499,766028,53
100,10,5,,0.707,38928,,2.663,149820,54
100,10,5,,0.766,46508,,6.741,249328,55
100,10,5,,1.398,69768,,34.753,1029648,56
100,10,5,,2.389,56736,,50.493,1195624,58
100,10,5,,1.092,68656,,25.942,687832,59
100,10,5,,1.337,38304,,6.213,347204,60
100,10,5,,1.310,19016,,14.807,401320,61
100,10,5,,0.808,28264,,11.899,520128,62
100,10,5,,3.782,353548,TIMEOUT of 1200s,1200.0141024589539,2586364,63
100,10,5,,6.341,108532,,10.540,419396,64
100,10,5,,1.179,69392,,12.863,581204,65
100,10,5,,1.710,41472,,27.828,605800,66
100,10,5,,0.867,69764,,15.407,549468,67
100,10,5,,0.723,41472,,14.607,740128,68
100,10,5,,0.871,33056,,8.288,575924,69
100,10,5,,0.599,37384,,12.901,749820,70
100,10,5,,1.441,38720,,19.470,703528,71
100,10,5,,5.200,106128,,111.776,1332688,72
100,10,5,,1.580,109560,TIMEOUT of 1200s,1200.1015048027039,1210944,73
100,10,5,,2.407,44380,,23.555,1070428,74
100,10,5,,1.947,70872,,744.724,1100232,75
100,10,5,error: OutOfMemory,19.823,7337924,,10.575,507116,76
100,10,5,,1.189,26064,,7.711,320128,77
100,10,5,,0.657,40112,,14.789,968856,78
100,10,5,,3.422,49824,,74.450,2183000,79
100,10,5,,2.970,60336,,20.855,451904,80
100,10,5,,1.370,36848,,15.010,771988,81
100,10,5,,1.551,108944,,22.411,1021428,82
100,10,5,,4.019,67520,,52.230,2205132,83
100,10,5,,1.020,43556,,10.040,450996,84
100,10,5,,1.235,38536,error: OutOfMemory,30.962,7843052,85
100,10,5,,1.362,36412,,12.583,691436,86
100,10,5,,2.369,64608,,26.221,803200,87
100,10,5,,1.407,29820,error: OutOfMemory,21.350,6178436,88
100,10,5,,1.409,30200,,11.964,500372,89
100,10,5,,3.360,39088,,2.698,96144,90
100,10,5,,3.365,44192,,42.012,1214996,91
100,10,5,,10.225,430684,error: OutOfMemory,925.704,8096344,92
100,10,5,,0.463,21248,error: OutOfMemory,17.476,7770988,93
100,10,5,,2.449,37784,,33.081,504540,94
100,10,5,,1.379,40432,,7.231,428072,95
100,10,5,,1.572,70048,,3.256,143636,96
100,10,5,,1.177,40948,TIMEOUT of 1200s,1200.077131986618,1899376,97
100,10,5,,0.640,48444,,5.690,177500,98
100,10,5,,6.125,109636,,51.996,817132,99
100,15,3,,0.556,18312,,3.885,208696,0
100,15,3,,1.180,37932,,0.492,30292,1
100,15,3,,0.739,27188,,5.734,256032,2
100,15,3,,0.846,40240,,21.957,740428,3
100,15,3,,0.633,16056,,2.278,74760,4
100,15,3,,5.035,34428,,92.036,1085976,5
100,15,3,,0.235,9916,,5.004,340388,6
100,15,3,,1.827,31240,,24.557,1033416,7
100,15,3,,0.467,37820,,6.560,395652,8
100,15,3,,0.309,15360,,8.876,681560,9
100,15,3,,0.736,23052,,21.477,1128960,10
100,15,3,,0.638,36440,,5.560,228964,11
100,15,3,,1.981,23872,,0.009,1356,12
100,15,3,,1.493,28600,,7.243,337232,13
100,15,3,,0.824,52288,,12.955,551384,14
100,15,3,,0.725,39408,,10.049,369072,15
100,15,3,,1.886,26432,,13.290,859160,16
100,15,3,,0.815,17712,,3.133,104528,17
100,15,3,,0.618,45764,,15.339,591868,18
100,15,3,,0.658,16828,,3.370,187980,19
100,15,3,,2.987,43532,,118.020,1616912,20
100,15,3,,1.332,38340,,2.465,106924,21
100,15,3,,0.355,50372,,9.347,550832,22
100,15,3,,0.690,25304,,14.606,871192,23
100,15,3,,0.327,14984,,11.398,550056,24
100,15,3,,0.879,24156,,9.075,737952,25
100,15,3,,1.386,26396,,9.192,459484,26
100,15,3,,0.846,39904,,128.078,1641328,27
100,15,3,,6.537,37132,,437.475,650076,28
100,15,3,,0.665,53116,,20.513,900320,29
100,15,3,,0.150,6500,,6.066,502504,30
100,15,3,,0.583,24616,,19.868,1217612,31
100,15,3,,0.475,46092,,2.855,188144,32
100,15,3,,0.429,16352,,8.986,646028,33
100,15,3,,0.340,37080,,4.941,446744,34
100,15,3,,1.058,26284,,32.038,1315428,35
100,15,3,,0.488,42880,,4.311,211060,36
100,15,3,,0.448,68096,,13.481,937684,37
100,15,3,,1.241,26376,,9.132,532264,38
100,15,3,,0.451,17356,,9.801,435956,39
100,15,3,,0.453,46172,,2.811,199664,40
100,15,3,,0.228,14280,,5.923,380912,41
100,15,3,,0.855,17964,,13.485,555752,42
100,15,3,,0.502,17968,,33.854,1202524,43
100,15,3,,0.326,15624,,8.657,671252,44
100,15,3,,0.287,14508,,16.906,956412,45
100,15,3,,0.514,23196,,0.778,47916,46
100,15,3,,0.542,14200,,7.488,500732,47
100,15,3,,0.720,40500,,18.595,903828,48
100,15,3,,0.456,16156,,2.274,167008,49
100,15,3,,1.056,38312,,27.066,935312,50
100,15,3,,0.913,17864,,0.020,1312,51
100,15,3,,0.563,37148,,17.838,986632,52
100,15,3,,0.448,17272,,10.573,752988,53
100,15,3,,3.254,29928,,14.613,697860,54
100,15,3,,0.817,23296,,13.814,749536,55
100,15,3,,2.486,32400,,12.923,798040,56
100,15,3,,1.252,24680,,10.697,710196,57
100,15,3,,1.474,39224,,10.942,397632,58
100,15,3,,1.566,35328,,17.893,827548,59
100,15,3,,0.281,13008,,13.033,932804,60
100,15,3,,0.269,10384,,13.462,463496,61
100,15,3,,0.560,21780,,33.040,1430876,62
100,15,3,,1.798,39288,,11.897,396116,63
100,15,3,,0.645,15872,,10.804,479628,64
100,15,3,,0.672,21236,,2.328,99676,65
100,15,3,,0.733,15000,,19.086,548936,66
100,15,3,,2.668,31344,,41.581,1353920,67
100,15,3,,1.510,25012,,21.284,890972,68
100,15,3,,0.296,42776,,5.311,420740,69
100,15,3,,2.873,36368,,28.290,583496,70
100,15,3,,1.116,25760,,10.356,538016,71
100,15,3,,1.091,36724,,19.553,806876,72
100,15,3,,0.624,16052,,5.774,261632,73
100,15,3,,1.151,43520,,11.576,547592,74
100,15,3,,0.305,36416,,2.884,172480,75
100,15,3,,2.312,21356,,0.996,68848,76
100,15,3,,0.471,16776,,10.096,706568,77
100,15,3,,1.630,36292,,29.701,983764,78
100,15,3,,0.608,47408,,15.222,963048,79
100,15,3,,0.869,31192,,31.666,2940520,80
100,15,3,,0.438,16252,,20.901,928820,81
100,15,3,,0.400,13256,,11.416,454360,82
100,15,3,,0.343,40888,,5.973,420712,83
100,15,3,,0.291,14944,,18.119,1106416,84
100,15,3,,0.461,18036,,7.326,362268,85
100,15,3,,0.594,36368,,12.957,764768,86
100,15,3,,0.914,28900,,6.699,610816,87
100,15,3,,0.371,44824,,12.812,780292,88
100,15,3,,0.376,17360,,3.470,207896,89
100,15,3,,1.339,31820,,13.418,399212,90
100,15,3,,0.652,24280,,41.684,1233144,91
100,15,3,,0.331,36444,,9.563,492096,92
100,15,3,,0.397,50052,,3.911,182176,93
100,15,3,,1.216,43696,,11.849,582776,94
100,15,3,,1.585,34660,,23.569,984916,95
100,15,3,,0.447,22164,,14.325,836384,96
100,15,3,,1.194,44352,,15.312,621764,97
100,15,3,,0.306,15400,,4.581,293200,98
100,15,3,,0.877,23028,,3.801,275072,99
100,15,5,,1.561,106140,,13.160,498980,0
100,15,5,,0.604,38508,,28.473,1080176,1
100,15,5,,1123.875,161988,,369.083,2059360,2
100,15,5,,2.325,38084,TIMEOUT of 1200s,1200.0380263328552,1240736,3
100,15,5,,2.349,39616,,23.896,1137776,4
100,15,5,,1.023,42432,,0.180,11344,5
100,15,5,,1.736,124428,,41.959,1468224,7
100,15,5,,2.590,42264,,57.627,1622020,8
100,15,5,,136.980,117760,,412.888,232668,9
100,15,5,,0.970,37500,,51.295,1980724,10
100,15,5,,1.494,69828,error: OutOfMemory,20.949,6527900,11
100,15,5,,2.667,37356,,667.624,1546100,12
100,15,5,,3.357,69500,,34.652,1180124,13
100,15,5,,0.577,69056,,6.383,391924,14
100,15,5,,1.954,31496,,23.549,1071788,15
100,15,5,,255.725,103268,TIMEOUT of 1200s,1200.0085344314575,1052288,16
100,15,5,,2.671,45268,,18.846,755200,17
100,15,5,,1.218,41292,,17.300,398196,18
100,15,5,,1.808,44852,TIMEOUT of 1200s,1200.0913727283478,2589200,19
100,15,5,,3.005,65876,,246.621,639052,20
100,15,5,,20.004,91312,error: OutOfMemory,338.309,6913008,21
100,15,5,,2.901,68592,,549.733,2124740,22
100,15,5,,0.984,29012,,17.770,755200,23
100,15,5,,0.629,37968,,23.464,1445244,24
100,15,5,,2.796,43792,,751.656,2718504,25
100,15,5,error: OutOfMemory,21.202,7680964,TIMEOUT of 1200s,1200.044721364975,3243820,26
100,15,5,,1.958,81048,,5.147,256608,27
100,15,5,,3.450,72568,TIMEOUT of 1200s,1200.0025751590729,3466600,28
100,15,5,,1.998,44716,,37.625,1425832,29
100,15,5,,12.382,106716,,376.557,3567204,30
100,15,5,,1.462,37752,error: OutOfMemory,13.836,7401488,31
100,15,5,,3.042,69868,TIMEOUT of 1200s,1200.0331041812897,1970788,32
100,15,5,,0.935,21860,,2.009,129664,33
100,15,5,,0.681,69080,,31.969,1095776,34
100,15,5,,2.801,108544,,66.577,1814600,35
100,15,5,,1.195,69060,,16.967,1090552,36
100,15,5,,1.282,39244,,0.373,16704,37
100,15,5,,1.012,50744,,22.316,1071948,38
100,15,5,,1.979,104720,,15.720,989800,39
100,15,5,,0.717,34040,,14.989,781192,41
100,15,5,,3.180,36788,,18.550,958156,42
100,15,5,,15.430,137772,,25.677,861892,43
100,15,5,,1.068,105796,,11.135,550616,44
100,15,5,,1.112,36888,error: OutOfMemory,22.568,6879024,45
100,15,5,,0.703,38044,,10.136,507664,46
100,15,5,,3.993,55948,,43.181,1408040,47
100,15,5,,8.768,54716,,89.403,1539940,48
100,15,5,,1.616,39568,,15.502,734344,49
100,15,5,,3.598,53248,,36.781,1415284,50
100,15,5,,46.682,71788,error: OutOfMemory,16.403,7265900,51
100,15,5,,5.832,55028,,33.921,1425472,52
100,15,5,,1.678,39280,,63.514,2099536,53
100,15,5,,3.864,59660,,32.242,518932,54
100,15,5,,1.405,75072,,24.854,807856,55
100,15,5,,2.576,68160,,59.044,2015052,56
100,15,5,,1.173,105052,,29.700,1466616,57
100,15,5,,1.287,43568,,9.634,286252,58
100,15,5,,2.635,55812,,35.224,1647384,59
100,15,5,,2.024,53792,,6.293,232144,60
100,15,5,,5.254,702288,,102.168,2824160,61
100,15,5,,4.522,38212,,43.949,1461868,62
100,15,5,,1.158,37816,,24.622,784160,63
100,15,5,,3.180,45052,,17.137,865452,64
100,15,5,,50.659,1145132,,23.054,988900,65
100,15,5,,1.201,37348,,28.041,957652,66
100,15,5,error: OutOfMemory,28.570,7757416,error: OutOfMemory,43.570,6762912,67
100,15,5,,1.687,38464,,17.710,1049956,68
100,15,5,,3.992,56264,TIMEOUT of 1200s,1200.0665817260742,1615928,69
100,15,5,,1.222,37664,,18.286,970544,70
100,15,5,,3.994,46436,,178.728,1792144,71
100,15,5,,1.508,206912,,25.315,799864,72
100,15,5,,1.012,105816,,25.306,1093256,73
100,15,5,,1.737,68856,,1.240,45480,74
100,15,5,,1.406,32044,,36.017,1233332,75
100,15,5,,1.144,36948,,18.469,1005392,76
100,15,5,,0.916,67404,,30.420,2167044,77
100,15,5,,3.144,62108,,13.438,270256,78
100,15,5,,1.666,37980,,95.456,3028660,79
100,15,5,,3.479,59916,,34.797,1684300,80
100,15,5,,2.146,43264,,31.892,1182548,81
100,15,5,,1.304,39340,,4.403,260500,82
100,15,5,,12.658,76760,,98.055,2184948,83
100,15,5,,10.419,66012,,96.052,970132,84
100,15,5,,3.101,66056,,38.924,1463308,85
100,15,5,,0.999,37252,,32.251,1065932,86
100,15,5,,1.046,36092,TIMEOUT of 1200s,1200.0398139953613,3028216,87
100,15,5,,2.224,71652,,29.074,1023804,88
100,15,5,,1.474,37364,,31.280,879652,89
100,15,5,,56.834,467680,error: OutOfMemory,48.146,7547564,90
100,15,5,,2.381,29328,,24.738,783220,91
100,15,5,,0.947,39824,,21.764,699084,92
100,15,5,,2.112,126360,,10.075,284912,93
100,15,5,,1.720,50056,,19.947,1114132,94
100,15,5,,1.705,39168,,23.656,1382304,95
100,15,5,,4.533,44792,,35.314,1470196,96
100,15,5,,2.171,108192,,44.711,1257080,97
100,15,5,,6.499,110144,,129.218,3207796,98
100,15,5,,1.168,37060,,23.227,802184,99
100,5,3,,0.196,8644,,1.252,77112,0
100,5,3,,0.178,5912,,3.660,194412,1
100,5,3,,0.356,15196,,1.683,78460,2
100,5,3,,0.424,12576,,5.646,241856,3
100,5,3,,0.809,16356,,4.988,204768,4
100,5,3,,0.247,10252,,4.248,182192,5
100,5,3,,0.149,9092,,0.649,35180,6
100,5,3,,0.262,9968,,4.522,162688,7
100,5,3,,0.281,9504,,1.727,118056,8
100,5,3,,0.439,11912,,4.425,162312,9
100,5,3,,0.234,12152,,2.296,135180,10
100,5,3,,0.318,10328,,3.377,149476,11
100,5,3,,0.572,13860,,1.989,133396,12
100,5,3,,0.138,6768,,1.553,105644,13
100,5,3,,0.365,13228,,2.222,158748,14
100,5,3,,0.509,14772,,2.825,156304,15
100,5,3,,0.250,8816,,1.829,116424,16
100,5,3,error: OutOfMemory,41.009,6030900,error: OutOfMemory,33.667,7714024,17
100,5,3,,0.553,10928,,1.530,91700,18
100,5,3,,0.155,7916,,1.998,130140,19
100,5,3,,0.364,11176,,7.499,194384,20
100,5,3,,0.243,10440,,2.898,106372,21
100,5,3,,0.188,6848,,2.924,191728,22
100,5,3,,0.343,7344,,1.608,97124,23
100,5,3,,0.326,13816,TIMEOUT of 1200s,1200.0592939853668,3637792,24
100,5,3,,1.151,23476,,1.572,159960,25
100,5,3,,0.181,6748,,2.606,153456,26
100,5,3,,0.130,7016,,2.670,131088,27
100,5,3,,0.386,11928,,3.422,159528,28
100,5,3,,0.372,9500,,1.238,68640,29
100,5,3,,0.241,8012,,3.557,168088,30
100,5,3,,0.203,9492,,2.614,143544,31
100,5,3,,0.389,10964,TIMEOUT of 1200s,1200.0118503570557,1234768,32
100,5,3,,0.515,46776,,0.961,74364,33
100,5,3,,0.181,6216,,0.965,88876,34
100,5,3,,0.417,16324,,1.328,111128,35
100,5,3,,0.160,6128,,2.959,195244,36
100,5,3,,0.315,10724,,1.534,111536,37
100,5,3,,0.254,9324,,1.822,126796,38
100,5,3,,0.188,7920,,0.127,8676,39
100,5,3,,0.220,10012,,1.289,99412,40
100,5,3,,0.403,13888,,6.103,254356,41
100,5,3,,0.213,10128,,2.631,140660,42
100,5,3,,0.258,14604,,2.598,177528,43
100,5,3,,0.328,12936,,2.216,142160,44
100,5,3,,0.625,12780,,12.755,300336,45
100,5,3,,1.395,16248,error: OutOfMemory,14.997,6614764,46
100,5,3,,0.125,10244,,0.194,15772,47
100,5,3,,0.137,9040,,2.553,142144,48
100,5,3,,0.162,12388,,0.778,81424,49
100,5,3,,0.237,8576,,1.115,94216,50
100,5,3,,0.174,8592,,1.811,159164,51
100,5,3,,0.259,10072,,0.885,40800,52
100,5,3,,1.165,15932,,5.569,190576,53
100,5,3,,0.294,11808,,5.980,273000,54
100,5,3,,0.304,9568,,1.522,121864,55
100,5,3,,0.232,9620,,1.541,74668,56
100,5,3,,0.107,8004,,2.286,130880,57
100,5,3,,0.438,19520,,5.077,259448,58
100,5,3,,0.335,8404,,2.640,113420,59
100,5,3,,0.119,6068,,1.332,96056,60
100,5,3,,0.138,9600,,1.276,93772,61
100,5,3,,1.726,17864,,4.834,202020,62
100,5,3,,0.384,12576,,3.166,199816,63
100,5,3,,0.193,9120,,2.937,132004,64
100,5,3,,0.241,9560,,2.972,118064,65
100,5,3,,1.072,23688,,12.072,399652,66
100,5,3,,0.910,18180,,3.984,173836,67
100,5,3,,0.204,12784,,1.470,101280,68
100,5,3,,0.149,7112,,2.094,174896,69
100,5,3,,0.432,10872,,2.222,123892,70
100,5,3,,0.132,6212,,1.700,121692,71
100,5,3,,0.142,5812,,1.286,56624,72
100,5,3,,0.193,10564,,1.221,90896,73
100,5,3,,0.162,3332,,1.700,121088,74
100,5,3,,0.163,6716,,2.021,107176,75
100,5,3,,0.268,8892,,1.068,81292,76
100,5,3,,0.143,7120,,0.995,71056,77
100,5,3,,0.326,12116,,0.540,26012,78
100,5,3,,0.111,7652,,1.228,97368,79
100,5,3,,0.223,9236,,73.109,286932,80
100,5,3,,0.159,7924,,2.019,133680,81
100,5,3,,0.157,8808,,1.380,112124,82
100,5,3,,0.332,13692,,1.490,125832,83
100,5,3,,0.194,5796,,1.744,107908,84
100,5,3,,0.645,14892,,3.505,130500,85
100,5,3,,0.365,10736,,3.841,145604,86
100,5,3,,0.225,10388,,4.694,221032,87
100,5,3,,0.220,10164,,0.695,34268,88
100,5,3,,0.624,10292,,1.142,52716,89
100,5,3,,0.200,8264,,1.386,99652,90
100,5,3,,0.609,14628,,3.354,215912,91
100,5,3,,0.135,7420,,0.957,91844,92
100,5,3,,0.223,45576,,2.106,124904,93
100,5,3,,0.124,5956,,1.730,104984,94
100,5,3,,0.142,8516,,2.368,168528,95
100,5,3,,0.198,8624,,2.821,132036,96
100,5,3,,0.207,10768,,2.343,149648,97
100,5,3,,0.258,11876,,3.100,136236,98
100,5,3,,0.583,14464,,5.008,203632,99
100,5,5,,0.411,17228,,6.964,306864,0
100,5,5,,1.425,44820,,5.182,141692,1
100,5,5,,0.330,16024,,4.796,228584,2
100,5,5,,0.865,38976,,8.554,277604,3
100,5,5,,2.753,407624,,3.681,158284,4
100,5,5,,0.853,47208,,4.727,249132,5
100,5,5,,0.516,21372,,1.973,78772,6
100,5,5,,3.079,38424,,8.989,307484,7
100,5,5,,0.518,16016,,2.864,214040,8
100,5,5,,0.391,13944,,1.780,92412,9
100,5,5,,1.026,43016,,5.253,238424,10
100,5,5,,4.317,50804,TIMEOUT of 1200s,1200.0357401371002,1266840,11
100,5,5,,0.487,18008,,1.753,68572,12
100,5,5,,1.376,20524,,5.484,213520,13
100,5,5,,0.618,18856,,13.428,1882984,14
100,5,5,,0.404,15528,,6.739,298148,15
100,5,5,,0.324,38036,,2.727,171592,16
100,5,5,,0.464,39596,,7.638,388600,17
100,5,5,,0.765,23888,,3.957,204992,18
100,5,5,,0.524,18056,,9.929,310312,19
100,5,5,,0.463,37152,error: OutOfMemory,464.177,6580540,20
100,5,5,,1.008,18084,,2.365,137248,21
100,5,5,,0.330,44120,,5.033,267676,22
100,5,5,,1.920,47792,,15.099,204968,23
100,5,5,,1.484,19272,,9.069,259896,24
100,5,5,,1.059,70056,,6.173,382556,25
100,5,5,,1.219,19960,,5.911,148128,26
100,5,5,,0.260,10996,,0.395,24068,27
100,5,5,,0.717,34532,,7.567,203020,28
100,5,5,,1.324,128920,error: OutOfMemory,19.449,5821168,29
100,5,5,,1.598,22236,TIMEOUT of 1200s,1200.0033731460571,1543440,30
100,5,5,,0.326,42428,,3.514,130248,31
100,5,5,,0.563,17712,,5.318,206156,32
100,5,5,,0.372,18700,,4.070,232572,33
100,5,5,,1.233,25224,,5.176,278928,34
100,5,5,,0.367,46420,,3.857,190036,35
100,5,5,,0.311,11532,,0.926,63728,36
100,5,5,,0.487,14828,,2.602,169484,37
100,5,5,,1.062,50472,error: OutOfMemory,98.250,6376532,39
100,5,5,,0.428,17700,,4.362,178540,40
100,5,5,,0.441,16616,,3.199,181680,41
100,5,5,,0.863,37100,error: OutOfMemory,12.922,7036616,42
100,5,5,,0.645,23340,,12.993,467724,43
100,5,5,,0.977,54156,,9.377,287708,44
100,5,5,,1.122,24528,,13.162,401744,45
100,5,5,,0.405,17696,,6.371,313960,46
100,5,5,,0.547,15916,,0.034,1312,47
100,5,5,,0.492,40236,,5.724,187968,48
100,5,5,,1.247,19976,,4.104,201372,49
100,5,5,,1.097,71364,,15.577,423640,50
100,5,5,,0.803,49092,,2.731,141260,51
100,5,5,,0.865,18848,,4.945,267952,52
100,5,5,error: OutOfMemory,35.995,5763112,error: OutOfMemory,47.230,7988068,53
100,5,5,,1.428,19312,,7.292,186116,54
100,5,5,,2.645,32864,,6.394,246440,55
100,5,5,,0.656,17824,,2.403,97420,56
100,5,5,,0.726,23748,,10.466,246980,57
100,5,5,,0.883,21736,,8.716,317992,58
100,5,5,,0.416,11848,,3.041,139604,59
100,5,5,,0.161,10200,,2.885,163248,60
100,5,5,,0.735,19288,,12.406,541564,61
100,5,5,,0.492,15836,,1.779,101192,62
100,5,5,,1.155,19640,,8.694,295152,63
100,5,5,,0.365,38536,,2.648,185840,64
100,5,5,,1.616,60128,error: OutOfMemory,575.438,8097892,65
100,5,5,,0.605,45144,,5.784,252928,66
100,5,5,,0.607,22652,,6.274,288412,67
100,5,5,error: OutOfMemory,22.125,5619128,error: OutOfMemory,18.569,6859792,68
100,5,5,,0.837,24340,,9.287,243412,69
100,5,5,,0.191,9680,,2.643,228804,70
100,5,5,,0.368,16628,,0.139,8840,71
100,5,5,,0.405,14688,,6.193,289784,72
100,5,5,error: OutOfMemory,102.646,5341188,error: OutOfMemory,10.887,7523240,73
100,5,5,,0.820,16376,,34.011,1337632,74
100,5,5,,1.406,25928,,5.344,285968,75
100,5,5,,0.671,18916,,5.394,270220,76
100,5,5,,0.811,18844,,8.855,252480,77
100,5,5,,20.318,39700,,298.626,509948,78
100,5,5,,0.340,14076,,0.887,38272,79
100,5,5,,367.784,202312,,14.734,146452,80
100,5,5,,0.532,14092,,4.759,135528,81
100,5,5,,0.712,23988,,2.886,84076,82
100,5,5,,0.598,18912,,3.009,188500,83
100,5,5,,1.272,24060,,9.045,127520,84
100,5,5,,7.434,58560,,16.894,578124,85
100,5,5,,0.990,21364,,6.611,261312,86
100,5,5,,0.629,47216,,3.910,154112,87
100,5,5,,0.860,17708,,3.032,87492,88
100,5,5,,0.779,42240,,4.165,207076,89
100,5,5,,0.468,11164,,3.265,117968,91
100,5,5,,0.319,16000,,7.140,365888,92
100,5,5,,0.806,69812,error: OutOfMemory,52.985,7351072,93
100,5,5,,1.110,39916,error: OutOfMemory,117.988,8223536,95
100,5,5,,0.803,18584,,3.673,182704,96
100,5,5,,0.468,14904,,4.951,183908,97
100,5,5,,1.246,18712,,6.879,214780,98
100,5,5,,1.019,45844,error: OutOfMemory,6.929,6996948,99
